Workbook

Sheet Overview
H1: Focus Area | J1: =#REF! -> #REF! | M1: ='M274'!J1 -> Slow down hackers | P1: =#REF! -> #REF! | S1: =#REF! -> #REF! | V1: Increase Detection | Y1: Increase Detection | AB1: Increase Detection | AE1: Increase Detection | AH1: Reduce Damage | AK1: Reduce Damage | AN1: Reduce Damage | AQ1: Reduce Damage | AT1: Reduce Damage | AW1: Streamline Compliance | AZ1: Streamline Compliance | BC1: Streamline Compliance | BF1: Build Security Organization / Skills | BI1: Build Security Organization / Skills | BL1: Build Security Organization / Skills
A2: IT Security Initiative | J2: =#REF! -> #REF! | M2: ='M274'!J2 -> M274 | N2: #REF! | P2: =#REF! -> #REF! | S2: =#REF! -> #REF! | V2: =#REF! -> #REF! | Y2: =#REF! -> #REF! | AB2: =#REF! -> #REF! | AE2: =#REF! -> #REF! | AH2: =#REF! -> #REF! | AK2: =#REF! -> #REF! | AN2: =#REF! -> #REF! | AQ2: =#REF! -> #REF! | AT2: =#REF! -> #REF! | AW2: =#REF! -> #REF! | AZ2: =#REF! -> #REF! | BC2: =#REF! -> #REF! | BF2: =#REF! -> #REF! | BI2: =#REF! -> #REF! | BJ2: 0 | BL2: =#REF! -> #REF! | BM2: 0
A3: Progress KPI Reporting 2021 | J3: =#REF! -> #REF! | M3: ='M274'!J3 -> # of scenarios tested | N3: #REF! | P3: =#REF! -> #REF! | S3: =#REF! -> #REF! | V3: =#REF! -> #REF! | Y3: =#REF! -> #REF! | AB3: =#REF! -> #REF! | AE3: =#REF! -> #REF! | AH3: =#REF! -> #REF! | AK3: =#REF! -> #REF! | AN3: =#REF! -> #REF! | AQ3: =#REF! -> #REF! | AT3: =#REF! -> #REF! | AW3: =#REF! -> #REF! | AZ3: =#REF! -> #REF! | BC3: =#REF! -> #REF! | BF3: =#REF! -> #REF! | BI3: =#REF! -> #REF! | BJ3: 1 | BL3: =#REF! -> #REF! | BM3: 1
A4: as of 04.09.2020 | J4: =#REF! -> #REF! | K4: =#REF! -> #REF! | M4: ='M274'!J4 -> 4 | N4: ='M274'!K4 -> 0 | P4: =#REF! -> #REF! | Q4: =#REF! -> #REF! | S4: =#REF! -> #REF! | T4: =#REF! -> #REF! | V4: =#REF! -> #REF! | W4: =#REF! -> #REF! | Y4: =#REF! -> #REF! | Z4: =#REF! -> #REF! | AB4: =#REF! -> #REF! | AC4: =#REF! -> #REF! | AE4: =#REF! -> #REF! | AF4: =#REF! -> #REF! | AH4: =#REF! -> #REF! | AI4: =#REF! -> #REF! | AK4: =#REF! -> #REF! | AL4: =#REF! -> #REF! | AN4: =#REF! -> #REF! | AO4: =#REF! -> #REF! | AQ4: =#REF! -> #REF! | AR4: =#REF! -> #REF! | AT4: =#REF! -> #REF! | AU4: =#REF! -> #REF! | AW4: =#REF! -> #REF! | AX4: =#REF! -> #REF! | AZ4: =#REF! -> #REF! | BA4: =#REF! -> #REF! | BC4: =#REF! -> #REF! | BD4: =#REF! -> #REF! | BF4: =#REF! -> #REF! | BG4: =#REF! -> #REF! | BI4: =#REF! -> #REF! | BJ4: =#REF! -> #REF! | BL4: =#REF! -> #REF! | BM4: =#REF! -> #REF!
A5: Board Members | B5: H Ressort | C5: ITC Mapping | E5: Group Iso Function | F5: OEs ID | G5: CIM ID | H5: OE | J5: =#REF! -> #REF! | K5: =#REF! -> #REF! | M5: ='M274'!J5 -> Target 31.12.21 | N5: ='M274'!K5 -> Actuals 24.09.21 | P5: =#REF! -> #REF! | Q5: =#REF! -> #REF! | S5: =#REF! -> #REF! | T5: =#REF! -> #REF! | V5: =#REF! -> #REF! | W5: =#REF! -> #REF! | Y5: =#REF! -> #REF! | Z5: =#REF! -> #REF! | AB5: =#REF! -> #REF! | AC5: =#REF! -> #REF! | AE5: =#REF! -> #REF! | AF5: =#REF! -> #REF! | AH5: =#REF! -> #REF! | AI5: =#REF! -> #REF! | AK5: =#REF! -> #REF! | AL5: =#REF! -> #REF! | AN5: =#REF! -> #REF! | AO5: =#REF! -> #REF! | AQ5: =#REF! -> #REF! | AR5: =#REF! -> #REF! | AT5: =#REF! -> #REF! | AU5: =#REF! -> #REF! | AW5: =#REF! -> #REF! | AX5: =#REF! -> #REF! | AZ5: =#REF! -> #REF! | BA5: =#REF! -> #REF! | BC5: =#REF! -> #REF! | BD5: =#REF! -> #REF! | BF5: =#REF! -> #REF! | BG5: =#REF! -> #REF! | BI5: =#REF! -> #REF! | BJ5: =#REF! -> #REF! | BL5: =#REF! -> #REF! | BM5: =#REF! -> #REF!
A6: .
A7: Bäte | B7: H1 CEO | C7: 1 | D7: Allianz SE, Allianz Europe | E7: Shared Services | F7: 1 | G7: AZSE | H7: Allianz SE | J7: =#REF! -> #REF! | K7: =#REF! -> #REF! | Y7: =#REF! -> #REF! | Z7: =#REF! -> #REF! | AB7: =#REF! -> #REF! | AC7: =#REF! -> #REF! | BI7: =#REF! -> #REF! | BJ7: =#REF! -> #REF!
A8: . | F8: ∑ | G8: ∑ | H8: 1 | J8: =SUM(J7) -> #REF! | K8: =SUM(K7) -> #REF! | Y8: =#REF! -> #REF! | Z8: =#REF! -> #REF! | AB8: =#REF! -> #REF! | AC8: =#REF! -> #REF! | BB8: 0 | BE8: 0 | BI8: =#REF! -> #REF! | BJ8: =#REF! -> #REF!
A9: . | Y9: =#REF! -> #REF! | Z9: =#REF! -> #REF! | AB9: =#REF! -> #REF! | AC9: =#REF! -> #REF! | BI9: =#REF! -> #REF! | BJ9: =#REF! -> #REF!
A10: Thallinger | B10: H3 Investments Management | C10: 2 | D10: Allianz Investment | E10: Shared Services | F10: 2 | G10: ADEUS | H10: ADEUS Aktienregister-Service-GmbH | J10: =#REF! -> #REF! | K10: =#REF! -> #REF! | Y10: =#REF! -> #REF! | Z10: =#REF! -> #REF! | AB10: =#REF! -> #REF! | AC10: =#REF! -> #REF! | BI10: =#REF! -> #REF! | BJ10: =#REF! -> #REF!
E11: Europe 3 | F11: 3 | G11: AGL | H11: Allianz Global Life | J11: =#REF! -> #REF! | K11: =#REF! -> #REF! | Y11: =#REF! -> #REF! | Z11: =#REF! -> #REF! | AB11: =#REF! -> #REF! | AC11: =#REF! -> #REF! | BI11: =#REF! -> #REF! | BJ11: =#REF! -> #REF!
E12: Shared Services | F12: 4 | G12: AIM | H12: Allianz Investment Management (AIM) | J12: =#REF! -> #REF! | K12: =#REF! -> #REF! | Y12: =#REF! -> #REF! | Z12: =#REF! -> #REF! | AB12: =#REF! -> #REF! | AC12: =#REF! -> #REF! | BI12: =#REF! -> #REF! | BJ12: =#REF! -> #REF!
E13: Shared Services | F13: 5 | G13: ARE | H13: Allianz Real Estate (ARE) | J13: =#REF! -> #REF! | K13: =#REF! -> #REF! | Y13: =#REF! -> #REF! | Z13: =#REF! -> #REF! | AB13: =#REF! -> #REF! | AC13: =#REF! -> #REF! | BI13: =#REF! -> #REF! | BJ13: =#REF! -> #REF!
E14: Shared Services | F14: 6 | G14: IDS | H14: Investment Data Services (IDS) | J14: =#REF! -> #REF! | K14: =#REF! -> #REF! | Y14: =#REF! -> #REF! | Z14: =#REF! -> #REF! | AB14: =#REF! -> #REF! | AC14: =#REF! -> #REF! | BI14: =#REF! -> #REF! | BJ14: =#REF! -> #REF!
A15: . | F15: ∑ | G15: ∑ | H15: 5 | J15: =SUM(J10:J14) -> #REF! | K15: =SUM(K10:K14) -> #REF! | Y15: =#REF! -> #REF! | Z15: =#REF! -> #REF! | AB15: =#REF! -> #REF! | AC15: =#REF! -> #REF! | BB15: 0 | BE15: 0 | BI15: =#REF! -> #REF! | BJ15: =#REF! -> #REF!
A16: . | Y16: =#REF! -> #REF! | Z16: =#REF! -> #REF! | AB16: =#REF! -> #REF! | AC16: =#REF! -> #REF! | BI16: =#REF! -> #REF! | BJ16: =#REF! -> #REF!
A17: Mascher | B17: H4 Operations | C17: 3 | D17: Allianz Technology | E17: AZ Technology | F17: 7 | G17: AMOS | H17: Allianz Technology | J17: =#REF! -> #REF! | K17: =#REF! -> #REF! | Y17: =#REF! -> #REF! | Z17: =#REF! -> #REF! | AB17: =#REF! -> #REF! | AC17: =#REF! -> #REF! | BI17: =#REF! -> #REF! | BJ17: =#REF! -> #REF!
A18: . | F18: ∑ | G18: ∑ | H18: 1 | J18: =SUM(J17) -> #REF! | K18: =SUM(K17) -> #REF! | Y18: =#REF! -> #REF! | Z18: =#REF! -> #REF! | AB18: =#REF! -> #REF! | AC18: =#REF! -> #REF! | BB18: 0 | BE18: 0 | BI18: =#REF! -> #REF! | BJ18: =#REF! -> #REF!
A19: . | Y19: =#REF! -> #REF! | Z19: =#REF! -> #REF! | AB19: =#REF! -> #REF! | AC19: =#REF! -> #REF! | BI19: =#REF! -> #REF! | BJ19: =#REF! -> #REF!
A20: Balbinot | B20: H5 Insurance Western & Southern Europe, AZAP | C20: 4 | D20: AZAP | E20: AZAP | F20: 8 | G20: CNPC | H20: Allianz China - P&C | J20: =#REF! -> #REF! | K20: =#REF! -> #REF! | Y20: =#REF! -> #REF! | Z20: =#REF! -> #REF! | AB20: =#REF! -> #REF! | AC20: =#REF! -> #REF! | BI20: =#REF! -> #REF! | BJ20: =#REF! -> #REF!
B21: H2 Finance, Controlling, Risk | E21: AZAP | F21: 9 | G21: CNH | H21: Allianz China - Holding | Y21: =#REF! -> #REF! | Z21: =#REF! -> #REF! | AB21: =#REF! -> #REF! | AC21: =#REF! -> #REF! | BI21: =#REF! -> #REF! | BJ21: =#REF! -> #REF!
B22: H2 Finance, Controlling, Risk | E22: AZAP | F22: 10 | G22: ID | H22: Allianz Indonesia | Y22: =#REF! -> #REF! | Z22: =#REF! -> #REF! | AB22: =#REF! -> #REF! | AC22: =#REF! -> #REF! | BI22: =#REF! -> #REF! | BJ22: =#REF! -> #REF!
B23: H2 Finance, Controlling, Risk | E23: AZAP | F23: 11 | G23: JPLH | H23: Allianz Japan - Life | Y23: =#REF! -> #REF! | Z23: =#REF! -> #REF! | AB23: =#REF! -> #REF! | AC23: =#REF! -> #REF! | BI23: =#REF! -> #REF! | BJ23: =#REF! -> #REF!
B24: H2 Finance, Controlling, Risk | E24: AZAP | F24: 12 | G24: LAPC | H24: Allianz Laos | Y24: =#REF! -> #REF! | Z24: =#REF! -> #REF! | AB24: =#REF! -> #REF! | AC24: =#REF! -> #REF! | BI24: =#REF! -> #REF! | BJ24: =#REF! -> #REF!
B25: H2 Finance, Controlling, Risk | E25: AZAP | F25: 13 | G25: MY | H25: Allianz Malaysia | Y25: =#REF! -> #REF! | Z25: =#REF! -> #REF! | AB25: =#REF! -> #REF! | AC25: =#REF! -> #REF! | BI25: =#REF! -> #REF! | BJ25: =#REF! -> #REF!
B26: H2 Finance, Controlling, Risk | E26: AZAP | F26: 14 | G26: PH | H26: Allianz Philippine - L&H | Y26: =#REF! -> #REF! | Z26: =#REF! -> #REF! | AB26: =#REF! -> #REF! | AC26: =#REF! -> #REF! | BI26: =#REF! -> #REF! | BJ26: =#REF! -> #REF!
B27: H2 Finance, Controlling, Risk | E27: AZAP | F27: 15 | G27: LK | H27: Allianz Sri Lanka | Y27: =#REF! -> #REF! | Z27: =#REF! -> #REF! | AB27: =#REF! -> #REF! | AC27: =#REF! -> #REF! | BI27: =#REF! -> #REF! | BJ27: =#REF! -> #REF!
B28: H2 Finance, Controlling, Risk | E28: AZAP | F28: 16 | G28: AS | H28: Allianz Singapore | Y28: =#REF! -> #REF! | Z28: =#REF! -> #REF! | AB28: =#REF! -> #REF! | AC28: =#REF! -> #REF! | BI28: =#REF! -> #REF! | BJ28: =#REF! -> #REF!
B29: H2 Finance, Controlling, Risk | E29: AZAP | F29: 17 | G29: TWL | H29: Allianz Taiwan - Life | Y29: =#REF! -> #REF! | Z29: =#REF! -> #REF! | AB29: =#REF! -> #REF! | AC29: =#REF! -> #REF! | BI29: =#REF! -> #REF! | BJ29: =#REF! -> #REF!
B30: H2 Finance, Controlling, Risk | E30: AZAP | F30: 18 | G30: TH | H30: Allianz Thailand | Y30: =#REF! -> #REF! | Z30: =#REF! -> #REF! | AB30: =#REF! -> #REF! | AC30: =#REF! -> #REF! | BI30: =#REF! -> #REF! | BJ30: =#REF! -> #REF!
B31: H2 Finance, Controlling, Risk | E31: AZAP | F31: 19 | G31: FIN | H31: FinOS - Holding | Y31: =#REF! -> #REF! | Z31: =#REF! -> #REF! | AB31: =#REF! -> #REF! | AC31: =#REF! -> #REF! | BI31: =#REF! -> #REF! | BJ31: =#REF! -> #REF!
B32: H2 Finance, Controlling, Risk | F32: ∑ | G32: ∑ | H32: 12 | J32: =SUM(J20:J31) -> #REF! | K32: =SUM(K20:K31) -> #REF! | Y32: =#REF! -> #REF! | Z32: =#REF! -> #REF! | AB32: =#REF! -> #REF! | AC32: =#REF! -> #REF! | BB32: 0 | BE32: 0 | BI32: =#REF! -> #REF! | BJ32: =#REF! -> #REF!
B33: H2 Finance, Controlling, Risk | C33: 5 | D33: Allianz Benelux | E33: Europe 2 | F33: 21 | G33: BLX | H33: Allianz Benelux | J33: =#REF! -> #REF! | K33: =#REF! -> #REF! | Y33: =#REF! -> #REF! | Z33: =#REF! -> #REF! | AB33: =#REF! -> #REF! | AC33: =#REF! -> #REF! | BI33: =#REF! -> #REF! | BJ33: =#REF! -> #REF!
B34: H2 Finance, Controlling, Risk | C34: 6 | D34: Allianz France | E34: Europe 2 | F34: 22 | G34: FR | H34: Allianz France | J34: =#REF! -> #REF! | K34: =#REF! -> #REF! | Y34: =#REF! -> #REF! | Z34: =#REF! -> #REF! | AB34: =#REF! -> #REF! | AC34: =#REF! -> #REF! | BI34: =#REF! -> #REF! | BJ34: =#REF! -> #REF!
B35: H2 Finance, Controlling, Risk | C35: 7 | D35: Allianz Greece | E35: Europe 3 | F35: 23 | G35: GR | H35: Allianz Greece | J35: =#REF! -> #REF! | K35: =#REF! -> #REF! | Y35: =#REF! -> #REF! | Z35: =#REF! -> #REF! | AB35: =#REF! -> #REF! | AC35: =#REF! -> #REF! | BI35: =#REF! -> #REF! | BJ35: =#REF! -> #REF!
B36: H2 Finance, Controlling, Risk | C36: 8 | D36: Allianz Italy | E36: Europe 3 | F36: 24 | G36: IT | H36: Allianz Italy | J36: =#REF! -> #REF! | K36: =#REF! -> #REF! | Y36: =#REF! -> #REF! | Z36: =#REF! -> #REF! | AB36: =#REF! -> #REF! | AC36: =#REF! -> #REF! | BI36: =#REF! -> #REF! | BJ36: =#REF! -> #REF!
B37: H2 Finance, Controlling, Risk | C37: 9 | D37: Allianz Turkey | E37: Europe 3 | F37: 25 | G37: TR | H37: Allianz Turkey | J37: =#REF! -> #REF! | K37: =#REF! -> #REF! | Y37: =#REF! -> #REF! | Z37: =#REF! -> #REF! | AB37: =#REF! -> #REF! | AC37: =#REF! -> #REF! | BI37: =#REF! -> #REF! | BJ37: =#REF! -> #REF!
A38: . | F38: ∑ | G38: ∑ | H38: 17 | J38: =SUM(J32:J37) -> #REF! | K38: =SUM(K32:K37) -> #REF! | Y38: =#REF! -> #REF! | Z38: =#REF! -> #REF! | AB38: =#REF! -> #REF! | AC38: =#REF! -> #REF! | BB38: 0 | BE38: 0 | BI38: =#REF! -> #REF! | BJ38: =#REF! -> #REF!
A39: . | Y39: =#REF! -> #REF! | Z39: =#REF! -> #REF! | AB39: =#REF! -> #REF! | AC39: =#REF! -> #REF! | BI39: =#REF! -> #REF! | BJ39: =#REF! -> #REF!
A40: Theis | B40: H7 Insurance German Speaking Countries & CEE | C40: 10 | D40: Allianz Germany | E40: Europe 1 | F40: 26 | G40: AZD | H40: Allianz Germany | J40: =#REF! -> #REF! | K40: =#REF! -> #REF! | Y40: =#REF! -> #REF! | Z40: =#REF! -> #REF! | AB40: =#REF! -> #REF! | AC40: =#REF! -> #REF! | BI40: =#REF! -> #REF! | BJ40: =#REF! -> #REF!
B41: H2 Finance, Controlling, Risk | C41: 11 | D41: CEE | E41: CEE | F41: 27 | G41: AT | H41: Allianz Austria (Elementar) | J41: =#REF! -> #REF! | K41: =#REF! -> #REF! | Y41: =#REF! -> #REF! | Z41: =#REF! -> #REF! | AB41: =#REF! -> #REF! | AC41: =#REF! -> #REF! | BI41: =#REF! -> #REF! | BJ41: =#REF! -> #REF!
B42: H2 Finance, Controlling, Risk | E42: CEE | F42: 28 | G42: BG | H42: Allianz Bulgaria | J42: =#REF! -> #REF! | K42: =#REF! -> #REF! | Y42: =#REF! -> #REF! | Z42: =#REF! -> #REF! | AB42: =#REF! -> #REF! | AC42: =#REF! -> #REF! | BI42: =#REF! -> #REF! | BJ42: =#REF! -> #REF!
B43: H2 Finance, Controlling, Risk | E43: CEE | F43: 29 | G43: CZ | H43: Allianz Czechia | Y43: =#REF! -> #REF! | Z43: =#REF! -> #REF! | AB43: =#REF! -> #REF! | AC43: =#REF! -> #REF! | BI43: =#REF! -> #REF! | BJ43: =#REF! -> #REF!
B44: H2 Finance, Controlling, Risk | E44: CEE | F44: 30 | G44: HU | H44: Allianz Hungary | Y44: =#REF! -> #REF! | Z44: =#REF! -> #REF! | AB44: =#REF! -> #REF! | AC44: =#REF! -> #REF! | BI44: =#REF! -> #REF! | BJ44: =#REF! -> #REF!
B45: H2 Finance, Controlling, Risk | E45: CEE | F45: 31 | G45: HR | H45: Allianz Croatia (Zagreb) | Y45: =#REF! -> #REF! | Z45: =#REF! -> #REF! | AB45: =#REF! -> #REF! | AC45: =#REF! -> #REF! | BI45: =#REF! -> #REF! | BJ45: =#REF! -> #REF!
B46: H2 Finance, Controlling, Risk | E46: CEE | F46: 32 | G46: PL | H46: Allianz Poland | Y46: =#REF! -> #REF! | Z46: =#REF! -> #REF! | AB46: =#REF! -> #REF! | AC46: =#REF! -> #REF! | BI46: =#REF! -> #REF! | BJ46: =#REF! -> #REF!
B47: H2 Finance, Controlling, Risk | E47: CEE | F47: 33 | G47: RO | H47: Allianz Romania (Tiriac) | Y47: =#REF! -> #REF! | Z47: =#REF! -> #REF! | AB47: =#REF! -> #REF! | AC47: =#REF! -> #REF! | BI47: =#REF! -> #REF! | BJ47: =#REF! -> #REF!
B48: H2 Finance, Controlling, Risk | E48: CEE | F48: 34 | G48: RU | H48: Allianz Russia | Y48: =#REF! -> #REF! | Z48: =#REF! -> #REF! | AB48: =#REF! -> #REF! | AC48: =#REF! -> #REF! | BI48: =#REF! -> #REF! | BJ48: =#REF! -> #REF!
B49: H2 Finance, Controlling, Risk | E49: CEE | F49: 35 | G49: SK | H49: Allianz Slovakia | Y49: =#REF! -> #REF! | Z49: =#REF! -> #REF! | AB49: =#REF! -> #REF! | AC49: =#REF! -> #REF! | BI49: =#REF! -> #REF! | BJ49: =#REF! -> #REF!
B50: H2 Finance, Controlling, Risk | E50: CEE | F50: 36 | G50: UKR | H50: Allianz Ukraine | Y50: =#REF! -> #REF! | Z50: =#REF! -> #REF! | AB50: =#REF! -> #REF! | AC50: =#REF! -> #REF! | BI50: =#REF! -> #REF! | BJ50: =#REF! -> #REF!
B51: H2 Finance, Controlling, Risk | F51: ∑ | G51: ∑ | H51: 11 | J51: =SUM(J40:J50) -> #REF! | K51: =SUM(K40:K50) -> #REF! | Y51: =#REF! -> #REF! | Z51: =#REF! -> #REF! | AB51: =#REF! -> #REF! | AC51: =#REF! -> #REF! | BB51: 0 | BE51: 0 | BI51: =#REF! -> #REF! | BJ51: =#REF! -> #REF!
B52: H2 Finance, Controlling, Risk | C52: 12 | D52: Allianz Suisse | E52: Europe 1 | F52: 37 | G52: CH | H52: Allianz Switzerland | J52: =#REF! -> #REF! | K52: =#REF! -> #REF! | Y52: =#REF! -> #REF! | Z52: =#REF! -> #REF! | AB52: =#REF! -> #REF! | AC52: =#REF! -> #REF! | BI52: =#REF! -> #REF! | BJ52: =#REF! -> #REF!
A53: . | F53: ∑ | G53: ∑ | H53: 12 | J53: =SUM(J51:J52) -> #REF! | K53: =SUM(K51:K52) -> #REF! | Y53: =#REF! -> #REF! | Z53: =#REF! -> #REF! | AB53: =#REF! -> #REF! | AC53: =#REF! -> #REF! | BB53: 0 | BE53: 0 | BI53: =#REF! -> #REF! | BJ53: =#REF! -> #REF!
A54: . | Y54: =#REF! -> #REF! | Z54: =#REF! -> #REF! | AB54: =#REF! -> #REF! | AC54: =#REF! -> #REF! | BI54: =#REF! -> #REF! | BJ54: =#REF! -> #REF!
A55: Hunt | B55: H8 Asset Management, USA Life Insurance | C55: 13 | D55: Allianz Asset Management Holding (AAM) | E55: Asset & Overseas | F55: 38 | G55: AAM | H55: Allianz Asset Management Holding (AAM) | J55: =#REF! -> #REF! | K55: =#REF! -> #REF! | Y55: =#REF! -> #REF! | Z55: =#REF! -> #REF! | AB55: =#REF! -> #REF! | AC55: =#REF! -> #REF! | BI55: =#REF! -> #REF! | BJ55: =#REF! -> #REF!
B56: H2 Finance, Controlling, Risk | C56: 15 | D56: Allianz Global Investors (AGI) | E56: Asset & Overseas | F56: 39 | G56: AGI | H56: Allianz Global Investors (AGI) | J56: =#REF! -> #REF! | K56: =#REF! -> #REF! | Y56: =#REF! -> #REF! | Z56: =#REF! -> #REF! | AB56: =#REF! -> #REF! | AC56: =#REF! -> #REF! | BI56: =#REF! -> #REF! | BJ56: =#REF! -> #REF!
B57: H2 Finance, Controlling, Risk | C57: 16 | D57: Pacific Invest.Manag. Comp.(PIMCO) | E57: Asset & Overseas | F57: 40 | G57: PIMCO | H57: Pacific Investement Management Company (PIMCO) | J57: =#REF! -> #REF! | K57: =#REF! -> #REF! | Y57: =#REF! -> #REF! | Z57: =#REF! -> #REF! | AB57: =#REF! -> #REF! | AC57: =#REF! -> #REF! | BI57: =#REF! -> #REF! | BJ57: =#REF! -> #REF!
B58: H2 Finance, Controlling, Risk | C58: 17 | D58: Allianz Life | E58: Asset & Overseas | F58: 41 | G58: USL | H58: Allianz Life US | J58: =#REF! -> #REF! | K58: =#REF! -> #REF! | Y58: =#REF! -> #REF! | Z58: =#REF! -> #REF! | AB58: =#REF! -> #REF! | AC58: =#REF! -> #REF! | BI58: =#REF! -> #REF! | BJ58: =#REF! -> #REF!
A59: . | F59: ∑ | G59: ∑ | H59: 4 | J59: =SUM(J55:J58) -> #REF! | K59: =SUM(K55:K58) -> #REF! | Y59: =#REF! -> #REF! | Z59: =#REF! -> #REF! | AB59: =#REF! -> #REF! | AC59: =#REF! -> #REF! | BB59: 0 | BE59: 0 | BI59: =#REF! -> #REF! | BJ59: =#REF! -> #REF!
A60: . | Y60: =#REF! -> #REF! | Z60: =#REF! -> #REF! | AB60: =#REF! -> #REF! | AC60: =#REF! -> #REF! | BI60: =#REF! -> #REF! | BJ60: =#REF! -> #REF!
A61: Peiris | B61: H9 Global Lines & Anglo Markets, MENA, Africa | C61: 18 | D61: Allianz Africa | E61: AZ Africa | F61: 42 | G61: AFR | H61: Allianz Africa | J61: =#REF! -> #REF! | K61: =#REF! -> #REF! | Y61: =#REF! -> #REF! | Z61: =#REF! -> #REF! | AB61: =#REF! -> #REF! | AC61: =#REF! -> #REF! | BI61: =#REF! -> #REF! | BJ61: =#REF! -> #REF!
E62: AZ Africa | F62: 43 | G62: MA | H62: Allianz Morocco | J62: =#REF! -> #REF! | K62: =#REF! -> #REF! | Y62: =#REF! -> #REF! | Z62: =#REF! -> #REF! | AB62: =#REF! -> #REF! | AC62: =#REF! -> #REF! | BI62: =#REF! -> #REF! | BJ62: =#REF! -> #REF!
F63: ∑ | G63: ∑ | H63: 2 | J63: =SUM(J61:J62) -> #REF! | K63: =SUM(K61:K62) -> #REF! | Y63: =#REF! -> #REF! | Z63: =#REF! -> #REF! | AB63: =#REF! -> #REF! | AC63: =#REF! -> #REF! | BI63: =#REF! -> #REF! | BJ63: =#REF! -> #REF!
C64: 19 | D64: MENA | E64: MENA | F64: 44 | G64: EGLH | H64: Allianz Egypt L&H | J64: =#REF! -> #REF! | K64: =#REF! -> #REF! | Y64: =#REF! -> #REF! | Z64: =#REF! -> #REF! | AB64: =#REF! -> #REF! | AC64: =#REF! -> #REF! | BI64: =#REF! -> #REF! | BJ64: =#REF! -> #REF!
E65: MENA | F65: 45 | G65: EGPC | H65: Allianz Egypt P&C | J65: =#REF! -> #REF! | K65: =#REF! -> #REF! | Y65: =#REF! -> #REF! | Z65: =#REF! -> #REF! | AB65: =#REF! -> #REF! | AC65: =#REF! -> #REF! | BI65: =#REF! -> #REF! | BJ65: =#REF! -> #REF!
E66: MENA | F66: 46 | G66: LB | H66: Allianz Lebanon | J66: =#REF! -> #REF! | K66: =#REF! -> #REF! | Y66: =#REF! -> #REF! | Z66: =#REF! -> #REF! | AB66: =#REF! -> #REF! | AC66: =#REF! -> #REF! | BI66: =#REF! -> #REF! | BJ66: =#REF! -> #REF!
E67: MENA | F67: 47 | G67: SA | H67: Allianz Saudi Arabia | J67: =#REF! -> #REF! | K67: =#REF! -> #REF! | Y67: =#REF! -> #REF! | Z67: =#REF! -> #REF! | AB67: =#REF! -> #REF! | AC67: =#REF! -> #REF! | BI67: =#REF! -> #REF! | BJ67: =#REF! -> #REF!
F68: ∑ | G68: ∑ | H68: 4 | J68: =SUM(J64:J67) -> #REF! | K68: =SUM(K64:K67) -> #REF! | Y68: =#REF! -> #REF! | Z68: =#REF! -> #REF! | AB68: =#REF! -> #REF! | AC68: =#REF! -> #REF! | BI68: =#REF! -> #REF! | BJ68: =#REF! -> #REF!
C69: 20 | D69: Allianz Global Corporate & Specialty (AGCS) | E69: Europe 1 | F69: 48 | G69: AGCS | H69: Allianz Global Corporate & Specialty (AGCS) | J69: =#REF! -> #REF! | K69: =#REF! -> #REF! | Y69: =#REF! -> #REF! | Z69: =#REF! -> #REF! | AB69: =#REF! -> #REF! | AC69: =#REF! -> #REF! | BI69: =#REF! -> #REF! | BJ69: =#REF! -> #REF!
C70: 21 | D70: Reinsurance | E70: Europe 1 | F70: 49 | G70: AZRE | H70: Allianz Reinsurance | J70: =#REF! -> #REF! | K70: =#REF! -> #REF! | Y70: =#REF! -> #REF! | Z70: =#REF! -> #REF! | AB70: =#REF! -> #REF! | AC70: =#REF! -> #REF! | BI70: =#REF! -> #REF! | BJ70: =#REF! -> #REF!
C71: 22 | D71: Allianz Australia | E71: Asset & Overseas | F71: 50 | G71: AU | H71: Allianz Australia | J71: =#REF! -> #REF! | K71: =#REF! -> #REF! | Y71: =#REF! -> #REF! | Z71: =#REF! -> #REF! | AB71: =#REF! -> #REF! | AC71: =#REF! -> #REF! | BI71: =#REF! -> #REF! | BJ71: =#REF! -> #REF!
C72: 23 | D72: Allianz Ireland | E72: Europe 3 | F72: 51 | G72: IE | H72: Allianz Ireland | J72: =#REF! -> #REF! | K72: =#REF! -> #REF! | Y72: =#REF! -> #REF! | Z72: =#REF! -> #REF! | AB72: =#REF! -> #REF! | AC72: =#REF! -> #REF! | BI72: =#REF! -> #REF! | BJ72: =#REF! -> #REF!
C73: 24 | D73: Allianz UK | E73: Europe 3 | F73: 52 | G73: UK | H73: Allianz UK | J73: =#REF! -> #REF! | K73: =#REF! -> #REF! | Y73: =#REF! -> #REF! | Z73: =#REF! -> #REF! | AB73: =#REF! -> #REF! | AC73: =#REF! -> #REF! | BI73: =#REF! -> #REF! | BJ73: =#REF! -> #REF!
C74: 25 | D74: Euler Hermes Group | E74: Europe 2 | F74: 53 | G74: EH | H74: Euler Hermes | J74: =#REF! -> #REF! | K74: =#REF! -> #REF! | Y74: =#REF! -> #REF! | Z74: =#REF! -> #REF! | AB74: =#REF! -> #REF! | AC74: =#REF! -> #REF! | BI74: =#REF! -> #REF! | BJ74: =#REF! -> #REF!
A75: . | F75: ∑ | G75: ∑ | H75: 12 | J75: =SUM(J63,J68,J69:J74) -> #REF! | K75: =SUM(K63,K68,K69:K74) -> #REF! | Y75: =#REF! -> #REF! | Z75: =#REF! -> #REF! | AB75: =#REF! -> #REF! | AC75: =#REF! -> #REF! | BI75: =#REF! -> #REF! | BJ75: =#REF! -> #REF!
A76: .
A77: de la Sota | B77: H10 Business Transformation | C77: 26 | D77: Allianz Ibero & Latin America | E77: IbertoLatAm | F77: 54 | G77: AR | H77: Allianz Argentina | J77: =#REF! -> #REF! | K77: =#REF! -> #REF! | Y77: =#REF! -> #REF! | Z77: =#REF! -> #REF! | AB77: =#REF! -> #REF! | AC77: =#REF! -> #REF! | BI77: =#REF! -> #REF! | BJ77: =#REF! -> #REF!
E78: IbertoLatAm | F78: 55 | G78: BR | H78: Allianz Brazil | J78: =#REF! -> #REF! | K78: =#REF! -> #REF! | Y78: =#REF! -> #REF! | Z78: =#REF! -> #REF! | AB78: =#REF! -> #REF! | AC78: =#REF! -> #REF! | BI78: =#REF! -> #REF! | BJ78: =#REF! -> #REF!
E79: IbertoLatAm | F79: 56 | G79: CO | H79: Allianz Colombia | J79: =#REF! -> #REF! | K79: =#REF! -> #REF! | Y79: =#REF! -> #REF! | Z79: =#REF! -> #REF! | AB79: =#REF! -> #REF! | AC79: =#REF! -> #REF! | BI79: =#REF! -> #REF! | BJ79: =#REF! -> #REF!
E80: IbertoLatAm | F80: 57 | G80: MX | H80: Allianz Mexico | J80: =#REF! -> #REF! | K80: =#REF! -> #REF! | Y80: =#REF! -> #REF! | Z80: =#REF! -> #REF! | AB80: =#REF! -> #REF! | AC80: =#REF! -> #REF! | BI80: =#REF! -> #REF! | BJ80: =#REF! -> #REF!
E81: IbertoLatAm | F81: 58 | G81: PT | H81: Allianz Portugal | J81: =#REF! -> #REF! | K81: =#REF! -> #REF! | Y81: =#REF! -> #REF! | Z81: =#REF! -> #REF! | AB81: =#REF! -> #REF! | AC81: =#REF! -> #REF! | BI81: =#REF! -> #REF! | BJ81: =#REF! -> #REF!
E82: IbertoLatAm | F82: 59 | G82: ES | H82: Allianz Spain (Seguros) | J82: =#REF! -> #REF! | K82: =#REF! -> #REF! | Y82: =#REF! -> #REF! | Z82: =#REF! -> #REF! | AB82: =#REF! -> #REF! | AC82: =#REF! -> #REF! | BI82: =#REF! -> #REF! | BJ82: =#REF! -> #REF!
F83: ∑ | G83: ∑ | H83: 6 | J83: =SUM(J77:J82) -> #REF! | K83: =SUM(K77:K82) -> #REF! | Y83: =#REF! -> #REF! | Z83: =#REF! -> #REF! | AB83: =#REF! -> #REF! | AC83: =#REF! -> #REF! | BI83: =#REF! -> #REF! | BJ83: =#REF! -> #REF!
C84: 27 | D84: Allianz Partners | E84: Europe 2 | F84: 60 | G84: AWP | H84: Allianz Partners | J84: =#REF! -> #REF! | K84: =#REF! -> #REF! | Y84: =#REF! -> #REF! | Z84: =#REF! -> #REF! | AB84: =#REF! -> #REF! | AC84: =#REF! -> #REF! | BI84: =#REF! -> #REF! | BJ84: =#REF! -> #REF!
C85: 28 | D85: tbd | E85: Shared Services | F85: 60 | G85: AZX | H85: AllianzX | J85: n.a. | K85: n.a. | Y85: n.a. | Z85: n.a. | AB85: =#REF! -> #REF! | AC85: =#REF! -> #REF! | BI85: =#REF! -> #REF! | BJ85: =#REF! -> #REF!
F86: ∑ | G86: ∑ | H86: 8 | J86: =SUM(J83:J85) -> #REF! | K86: =SUM(K83:K85) -> #REF! | Y86: =#REF! -> #REF! | Z86: =#REF! -> #REF! | AB86: =#REF! -> #REF! | AC86: =#REF! -> #REF! | BI86: =#REF! -> #REF! | BJ86: =#REF! -> #REF!
F88: ∑ | G88: ∑ | H88: 60 | J88: =SUM(J8,J15,J18,J38,J53,J59,J75,J86) -> #REF! | K88: =SUM(K8,K15,K18,K38,K53,K59,K75,K86) -> #REF! | Y88: =#REF! -> #REF! | Z88: =#REF! -> #REF! | AB88: =#REF! -> #REF! | AC88: =#REF! -> #REF! | BI88: =#REF! -> #REF! | BJ88: =#REF! -> #REF!

Sheet Plan view
B1: IT Security Investment Initiative
B2: Progress KPI plan view
B4: Focus Area | C4: # | D4: Measure | E4: Progress KPIs | F4: Baseline 01.07.2021 | G4: =Overview!N5 -> Actuals 24.09.21 | H4: Target 31.12.2021 | J4: Plan 09/2021 | K4: Plan 10/2021 | L4: Plan 11/2021 | M4: Plan 12/2021
B5: Slow Down Hackers | C5: KPI(1) | D5: M274 | E5: # of scenarios tested | F5: 0 | G5: 0 | H5: 4 | J5: ='M274'!$R$4 -> 0 | K5: ='M274'!$S$4 -> 0 | L5: ='M274'!$T$4 -> 2 | M5: ='M274'!$U$4 -> 4
C6: KPI (2) | D6: M275 | E6: # of Security Consultations | F6: 0 | G6: 0 | H6: 10 | J6: ='M275'!$R$4 -> 2 | K6: ='M275'!$S$4 -> 5 | L6: ='M275'!$T$4 -> 8 | M6: ='M275'!$U$4 -> 10
C7: KPI (3) | D7: M276 | E7: # of application penetration tests performed | F7: 0 | G7: 1 | H7: 30 | J7: ='M276'!$R$4 -> 2 | K7: ='M276'!$S$4 -> 10 | L7: ='M276'!$T$4 -> 20 | M7: ='M276'!$U$4 -> 30
C8: KPI (4) | D8: M277 | E8: # of event propagation from the source to the SIEM response | F8: 0 | G8: 0 | H8: 3 | J8: ='M277'!$R$4 -> 1 | K8: ='M277'!$S$4 -> 2 | L8: ='M277'!$T$4 -> 3 | M8: ='M277'!$U$4 -> 3
C9: KPI (5) | D9: M278 | E9: # of artefacts completed | F9: 0 | G9: 0 | H9: 5 | J9: ='M278'!$R$4 -> 0 | K9: ='M278'!$S$4 -> 2 | L9: ='M278'!$T$4 -> 4 | M9: ='M278'!$U$4 -> 5
C10: KPI (6) | D10: M279 | E10: # of artefacts achieved and requirements analyzed | F10: 0 | G10: 1 | H10: 9 | J10: ='M279'!$R$4 -> 2 | K10: ='M279'!$S$4 -> 3 | L10: ='M279'!$T$4 -> 5 | M10: ='M279'!$U$4 -> 9
C11: KPI (7) | D11: M302 | E11: # of reached milestones | F11: 0 | G11: 0 | H11: 5 | J11: ='M302'!$R$4 -> 0 | K11: ='M302'!$S$4 -> 2 | L11: ='M302'!$T$4 -> 3 | M11: ='M302'!$U$4 -> 5
B12: 2. Increase detection | C12: KPI (8) | D12: M280 | E12: # of new generation ADH deployment | F12: 0 | G12: 0 | H12: 10 | J12: ='M280'!$R$4 -> 0 | K12: ='M280'!$S$4 -> 0 | L12: ='M280'!$T$4 -> 1 | M12: ='M280'!$U$4 -> 10
C13: KPI (9) | D13: M281 | E13: # of DNS Server logs consumed | F13: 0 | G13: 0 | H13: 2 | J13: ='M281'!$R$4 -> 0 | K13: ='M281'!$S$4 -> 0 | L13: ='M281'!$T$4 -> 1 | M13: ='M281'!$U$4 -> 2 | P13: 1
C14: KPI (10) | D14: M282 | E14: # of DCs and endpoints covered with deception | F14: 0 | G14: 0 | H14: 6 | J14: ='M282'!$R$4 -> 0 | K14: ='M282'!$S$4 -> 2 | L14: ='M282'!$T$4 -> 4 | M14: ='M282'!$U$4 -> 6
C15: KPI (11) | D15: M283 | E15: # of implemented cloud use cases | F15: 0 | G15: 1 | H15: 10 | J15: ='M283'!$R$4 -> 0 | K15: ='M283'!$S$4 -> 2 | L15: ='M283'!$T$4 -> 6 | M15: ='M283'!$U$4 -> 10
C16: KPI (12) | D16: M284 | E16: # of integrations or play books implemented | F16: 0 | G16: 4 | H16: 8 | J16: ='M284'!$R$4 -> 2 | K16: ='M284'!$S$4 -> 4 | L16: ='M284'!$T$4 -> 6 | M16: ='M284'!$U$4 -> 8
C17: KPI (13) | D17: M285 | E17: # of business critical applications moved to Enforce-Mode | F17: 0 | G17: 2 | H17: 30 | J17: ='M285'!$R$4 -> 8 | K17: ='M285'!$S$4 -> 15 | L17: ='M285'!$T$4 -> 25 | M17: ='M285'!$U$4 -> 30
C18: KPI (14) | D18: M286 | E18: # of Reporting User Stories designed and User Stories implemented | F18: 0 | G18: 1 | H18: 12 | J18: ='M286'!$R$4 -> 4 | K18: ='M286'!$S$4 -> 6 | L18: ='M286'!$T$4 -> 8 | M18: ='M286'!$U$4 -> 12
B19: 3. Reduce damage | C19: KPI (15) | D19: M287 | E19: # of OEs covered with Qualys agents on clients | F19: 0 | G19: 1 | H19: 20 | J19: ='M287'!$R$4 -> 6 | K19: ='M287'!$S$4 -> 18 | L19: ='M287'!$T$4 -> 42 | M19: ='M287'!$U$4 -> 58
C20: KPI (16) | D20: M288 | E20: # of reached milestones | F20: 0 | G20: 1 | H20: 4 | J20: ='M288'!$R$4 -> 1 | K20: ='M288'!$S$4 -> 1 | L20: ='M288'!$T$4 -> 2 | M20: ='M288'!$U$4 -> 4
C21: KPI (17) | D21: M289 | E21: # of users rolled-out to password manager service | F21: 0 | G21: 0 | H21: 1000 | J21: ='M289'!$R$4 -> 0 | K21: ='M289'!$S$4 -> 0 | L21: ='M289'!$T$4 -> 0 | M21: ='M289'!$U$4 -> 1000
C22: KPI (18) | D22: M290 | E22: # of Service design documents for future CAD service developed | F22: 0 | G22: 4 | H22: 6 | J22: ='M290'!$R$4 -> 6 | K22: ='M290'!$S$4 -> 6 | L22: ='M290'!$T$4 -> 6 | M22: ='M290'!$U$4 -> 6
C23: KPI (19) | D23: M291 | E23: # of validate possible integrations | F23: 0 | G23: 0 | H23: 4 | J23: ='M291'!$R$4 -> 0 | K23: ='M291'!$S$4 -> 0 | L23: ='M291'!$T$4 -> 2 | M23: ='M291'!$U$4 -> 4
C24: KPI (20a) | D24: M301 | E24: # of Global Tier 0 Hosting Platform Design and APAC Pilot | F24: 0 | G24: 0 | H24: 8 | J24: =M301_a!$R$4 -> 0 | K24: =M301_a!$S$4 -> 0 | L24: =M301_a!$T$4 -> 4 | M24: =M301_a!$U$4 -> 8
C25: KPI (20b) | D25: M301 | E25: # of Local APAC units of Allianz Partners: Domain Controllers onboarded to Tier 0 Hosting Platform | F25: 0 | G25: 0 | H25: 4 | J25: =M301_b!$R$4 -> 0 | K25: =M301_b!$S$4 -> 0 | L25: =M301_b!$T$4 -> 2 | M25: =M301_b!$U$4 -> 4
B26: 4. Streamline compliance | C26: KPI (21) | D26: M292 | E26: # of reached artefacts | F26: 0 | G26: 0 | H26: 5 | J26: ='M292'!$R$4 -> 0 | K26: ='M292'!$S$4 -> 1 | L26: ='M292'!$T$4 -> 3 | M26: ='M292'!$U$4 -> 5
C27: KPI (22) | D27: M293 | E27: # of Toxic Asset Dashboard including client IT asset data (e.g. AVC, AMC, fat client, smart mobile de-vices) for minimum of 25 OEs | F27: 0 | G27: 0 | H27: 25 | J27: ='M293'!$R$4 -> 0 | K27: ='M293'!$S$4 -> 0 | L27: ='M293'!$T$4 -> 0 | M27: ='M293'!$U$4 -> 73
C28: KPI (23) | D28: M294 | E28: # of reached milestones | F28: 0 | G28: 0 | H28: 5 | J28: ='M294'!$R$4 -> 2 | K28: ='M294'!$S$4 -> 2 | L28: ='M294'!$T$4 -> 3 | M28: ='M294'!$U$4 -> 5
C29: KPI (24) | D29: M295 | E29: # of KPI + SLA vetting draft for 6 Security Services | F29: 0 | G29: 0 | H29: 12 | J29: ='M295'!$R$4 -> 1 | K29: ='M295'!$S$4 -> 4 | L29: ='M295'!$T$4 -> 9 | M29: ='M295'!$U$4 -> 12
B30: 5. Build Security org/skills | C30: KPI (25) | D30: M296 | E30: # of OEs evaluated within BitSight financial model | F30: 0 | G30: 0 | H30: 10 | J30: ='M296'!$R$4 -> 0 | K30: ='M296'!$S$4 -> 9 | L30: ='M296'!$T$4 -> 19 | M30: ='M296'!$U$4 -> 19
C31: KPI (26) | D31: M297 | E31: # of learning nuggets and OE dashboards created | F31: 0 | G31: 0 | H31: 10 | J31: ='M297'!$R$4 -> 0 | K31: ='M297'!$S$4 -> 1 | L31: ='M297'!$T$4 -> 3 | M31: ='M297'!$U$4 -> 10
C32: KPI (27) | D32: M298 | E32: # of reached artefacts | F32: 0 | G32: 0 | H32: 3 | J32: ='M298'!$R$4 -> 0 | K32: ='M298'!$S$4 -> 0 | L32: ='M298'!$T$4 -> 1 | M32: ='M298'!$U$4 -> 3
C33: KPI (28) | D33: M299 | E33: # of architectural documents (e.g. pattern / analysis / methodology) published | F33: 0 | G33: 0 | H33: 7 | J33: ='M299'!$R$4 -> 0 | K33: ='M299'!$S$4 -> 1 | L33: ='M299'!$T$4 -> 4 | M33: ='M299'!$U$4 -> 7
C34: KPI (29) | D34: M300 | E34: # of high qualitative metrics for ROI | F34: 0 | G34: 0 | H34: 5 | J34: ='M300'!$R$4 -> 0 | K34: ='M300'!$S$4 -> 0 | L34: ='M300'!$T$4 -> 0 | M34: ='M300'!$U$4 -> 5
B36: - confidential -

Sheet M274
H1: Focus Area | J1: Slow down hackers | S1: All yellow marked columns to be filled out
A2: IT Security Initiative | J2: M274 | K2: #REF! | R2: Please fill in your monthly split of planned KPI target values (accumulated plan). Please leave a comment: In which CW will you report your first progress?
A3: =Overview!A3 -> Progress KPI Reporting 2021 | J3: ='Plan view'!E5 -> # of scenarios tested
J4: =J8 -> 4 | K4: =K8 -> 0 | M4: =M8 -> 0 | N4: =N8 -> 0 | O4: =O8 -> 0 | P4: =P8 -> 0 | R4: =R8 -> 0 | S4: =S8 -> 0 | T4: =T8 -> 2 | U4: =U8 -> 4
J5: Target 31.12.21 | K5: Actuals 24.09.21 | M5: Actuals 17.09.21 | N5: Actuals 10.09.21 | O5: Actuals 03.09.21 | P5: Baseline 01.07.21 | R5: Plan 09/2021 | S5: Plan 10/2021 | T5: Plan 11/2021 | U5: Plan 12/2021 | W5: Comments
A6: .
J8: ='Plan view'!H5 -> 4 | K8: 0 | M8: 0 | N8: 0 | O8: 0 | P8: ='Plan view'!F5 -> 0 | R8: 0 | S8: 0 | T8: 2 | U8: 4 | W8: First KPI progress planned for CW 45
W9: First KPI progress planned for CW 45
W10: First KPI progress planned for CW 45
W11: First KPI progress planned for CW 45
W12: First KPI progress planned for CW 45
W13: First KPI progress planned for CW 45
W14: First KPI progress planned for CW 45
W15: First KPI progress planned for CW 45
W16: First KPI progress planned for CW 45
W17: First KPI progress planned for CW 45
W18: First KPI progress planned for CW 45
W19: First KPI progress planned for CW 45

Sheet M275
H1: Focus Area | J1: Slow down hackers | S1: All yellow marked columns to be filled out
A2: IT Security Initiative | J2: M275 | K2: #REF! | R2: Please fill in your monthly split of planned KPI target values (accumulated plan). Please leave a comment: In which CW will you report your first progress?
A3: =Overview!A3 -> Progress KPI Reporting 2021 | J3: ='Plan view'!E6 -> # of Security Consultations
J4: =J8 -> 10 | K4: =K8 -> 0 | M4: =M8 -> 0 | N4: =N8 -> 0 | O4: =O8 -> 0 | P4: =P8 -> 0 | R4: =R8 -> 2 | S4: =S8 -> 5 | T4: =T8 -> 8 | U4: =U8 -> 10
J5: Target 31.12.21 | K5: Actuals 24.09.21 | M5: Actuals 17.09.21 | N5: Actuals 10.09.21 | O5: Actuals 03.09.21 | P5: Baseline 01.07.21 | R5: Plan 09/2021 | S5: Plan 10/2021 | T5: Plan 11/2021 | U5: Plan 12/2021 | W5: Comments
A6: .
J8: ='Plan view'!H6 -> 10 | K8: 0 | M8: 0 | N8: 0 | O8: 0 | P8: ='Plan view'!$F6 -> 0 | R8: 2 | S8: 5 | T8: 8 | U8: 10 | W8: First progress will be reported in CW 39.
W9: First progress will be reported in CW 39.
W10: First progress will be reported in CW 39.
W11: First progress will be reported in CW 39.
W12: First progress will be reported in CW 39.
W13: First progress will be reported in CW 39.
W14: First progress will be reported in CW 39.
W15: First progress will be reported in CW 39.
W16: First progress will be reported in CW 39.
W17: First progress will be reported in CW 39.
W18: First progress will be reported in CW 39.
W19: First progress will be reported in CW 39.

Sheet M276
H1: Focus Area | J1: Slow down hackers | S1: All yellow marked columns to be filled out
A2: IT Security Initiative | J2: M276 | K2: #REF! | R2: Please fill in your monthly split of planned KPI target values (accumulated plan). Please leave a comment: In which CW will you report your first progress?
A3: =Overview!A3 -> Progress KPI Reporting 2021 | J3: ='Plan view'!E7 -> # of application penetration tests performed
J4: =J8 -> 30 | K4: =K8 -> 1 | M4: =M8 -> 1 | N4: =N8 -> 0 | O4: =O8 -> 0 | P4: =P8 -> 0 | R4: =R8 -> 2 | S4: =S8 -> 10 | T4: =T8 -> 20 | U4: =U8 -> 30
J5: Target 31.12.21 | K5: Actuals 24.09.21 | M5: Actuals 17.09.21 | N5: Actuals 10.09.21 | O5: Actuals 03.09.21 | P5: Baseline 01.07.21 | R5: Plan 09/2021 | S5: Plan 10/2021 | T5: Plan 11/2021 | U5: Plan 12/2021 | W5: Comments
A6: .
J8: ='Plan view'!$H7 -> 30 | K8: 1 | M8: 1 | N8: 0 | O8: 0 | P8: ='Plan view'!$F7 -> 0 | R8: 2 | S8: 10 | T8: 20 | U8: 30 | W8: First Progress expected in CW 37; First Penetration Test is ongoing, second should start next week.
W9: First Progress expected in CW 37; First Penetration Test is ongoing, second should start next week.
W10: First Progress expected in CW 37; First Penetration Test is ongoing, second should start next week.
W11: First Progress expected in CW 37; First Penetration Test is ongoing, second should start next week.
W12: First Progress expected in CW 37; First Penetration Test is ongoing, second should start next week.
W13: First Progress expected in CW 37; First Penetration Test is ongoing, second should start next week.
W14: First Progress expected in CW 37; First Penetration Test is ongoing, second should start next week.
W15: First Progress expected in CW 37; First Penetration Test is ongoing, second should start next week.
W16: First Progress expected in CW 37; First Penetration Test is ongoing, second should start next week.
W17: First Progress expected in CW 37; First Penetration Test is ongoing, second should start next week.
W18: First Progress expected in CW 37; First Penetration Test is ongoing, second should start next week.
W19: First Progress expected in CW 37; First Penetration Test is ongoing, second should start next week.

Sheet M277
H1: Focus Area | J1: Slow down hackers | S1: All yellow marked columns to be filled out
A2: IT Security Initiative | J2: M277 | K2: #REF! | R2: Please fill in your monthly split of planned KPI target values (accumulated plan). Please leave a comment: In which CW will you report your first progress?
A3: =Overview!A3 -> Progress KPI Reporting 2021 | J3: ='Plan view'!E8 -> # of event propagation from the source to the SIEM response
J4: =J8 -> 3 | K4: =K8 -> 0 | M4: =M8 -> 0 | N4: =N8 -> 0 | O4: =O8 -> 0 | P4: =P8 -> 0 | R4: =R8 -> 1 | S4: =S8 -> 2 | T4: =T8 -> 3 | U4: =U8 -> 3
J5: Target 31.12.21 | K5: Actuals 24.09.21 | M5: Actuals 17.09.21 | N5: Actuals 10.09.21 | O5: Actuals 03.09.21 | P5: Baseline 01.07.21 | R5: Plan 09/2021 | S5: Plan 10/2021 | T5: Plan 11/2021 | U5: Plan 12/2021 | W5: Comments
A6: .
J8: ='Plan view'!$H8 -> 3 | K8: 0 | M8: 0 | N8: 0 | O8: 0 | P8: ='Plan view'!$F8 -> 0 | R8: 1 | S8: 2 | T8: 3 | U8: 3 | W8: First report will be in CW: 39 KPI description of stages: #1: Events gathered from source (AD/AAD) #2: Events correlated on the Cygna Auditor Platform #3: Events forwarded to ACDC and observed on the SIEM.
W9: First report will be in CW: 39 KPI description of stages: #1: Events gathered from source (AD/AAD) #2: Events correlated on the Cygna Auditor Platform #3: Events forwarded to ACDC and observed on the SIEM.
W10: First report will be in CW: 39 KPI description of stages: #1: Events gathered from source (AD/AAD) #2: Events correlated on the Cygna Auditor Platform #3: Events forwarded to ACDC and observed on the SIEM.
W11: First report will be in CW: 39 KPI description of stages: #1: Events gathered from source (AD/AAD) #2: Events correlated on the Cygna Auditor Platform #3: Events forwarded to ACDC and observed on the SIEM.
W12: First report will be in CW: 39 KPI description of stages: #1: Events gathered from source (AD/AAD) #2: Events correlated on the Cygna Auditor Platform #3: Events forwarded to ACDC and observed on the SIEM.
W13: First report will be in CW: 39 KPI description of stages: #1: Events gathered from source (AD/AAD) #2: Events correlated on the Cygna Auditor Platform #3: Events forwarded to ACDC and observed on the SIEM.
W14: First report will be in CW: 39 KPI description of stages: #1: Events gathered from source (AD/AAD) #2: Events correlated on the Cygna Auditor Platform #3: Events forwarded to ACDC and observed on the SIEM.
W15: First report will be in CW: 39 KPI description of stages: #1: Events gathered from source (AD/AAD) #2: Events correlated on the Cygna Auditor Platform #3: Events forwarded to ACDC and observed on the SIEM.
W16: First report will be in CW: 39 KPI description of stages: #1: Events gathered from source (AD/AAD) #2: Events correlated on the Cygna Auditor Platform #3: Events forwarded to ACDC and observed on the SIEM.
W17: First report will be in CW: 39 KPI description of stages: #1: Events gathered from source (AD/AAD) #2: Events correlated on the Cygna Auditor Platform #3: Events forwarded to ACDC and observed on the SIEM.
W18: First report will be in CW: 39 KPI description of stages: #1: Events gathered from source (AD/AAD) #2: Events correlated on the Cygna Auditor Platform #3: Events forwarded to ACDC and observed on the SIEM.
W19: First report will be in CW: 39 KPI description of stages: #1: Events gathered from source (AD/AAD) #2: Events correlated on the Cygna Auditor Platform #3: Events forwarded to ACDC and observed on the SIEM.

Sheet M278
H1: Focus Area | J1: Slow down hackers | S1: All yellow marked columns to be filled out
A2: IT Security Initiative | J2: M278 | K2: #REF! | R2: Please fill in your monthly split of planned KPI target values (accumulated plan). Please leave a comment: In which CW will you report your first progress?
A3: =Overview!A3 -> Progress KPI Reporting 2021 | J3: ='Plan view'!E9 -> # of artefacts completed
J4: =J8 -> 5 | K4: =K8 -> 0 | M4: =M8 -> 0 | N4: =N8 -> 0 | O4: =O8 -> 0 | P4: =P8 -> 0 | R4: =R8 -> 0 | S4: =S8 -> 2 | T4: =T8 -> 4 | U4: =U8 -> 5
J5: Target 31.12.21 | K5: Actuals 24.09.21 | M5: Actuals 17.09.21 | N5: Actuals 10.09.21 | O5: Actuals 03.09.21 | P5: Baseline 01.07.21 | R5: Plan 09/2021 | S5: Plan 10/2021 | T5: Plan 11/2021 | U5: Plan 12/2021 | W5: Comments
A6: .
J8: ='Plan view'!$H9 -> 5 | K8: 0 | M8: 0 | N8: 0 | O8: 0 | P8: ='Plan view'!$F9 -> 0 | R8: 0 | S8: 2 | T8: 4 | U8: 5

Sheet M279
H1: Focus Area | J1: Slow down hackers | S1: All yellow marked columns to be filled out
A2: IT Security Initiative | J2: M279 | K2: #REF! | R2: Please fill in your monthly split of planned KPI target values (accumulated plan). Please leave a comment: In which CW will you report your first progress?
A3: =Overview!A3 -> Progress KPI Reporting 2021 | J3: ='Plan view'!E10 -> # of artefacts achieved and requirements analyzed
J4: =J8 -> 9 | K4: =K8 -> 1 | M4: =M8 -> 1 | N4: =N8 -> 1 | O4: =O8 -> 0 | P4: =P8 -> 0 | R4: =R8 -> 2 | S4: =S8 -> 3 | T4: =T8 -> 5 | U4: =U8 -> 9
J5: Target 31.12.21 | K5: Actuals 24.09.21 | M5: Actuals 17.09.21 | N5: Actuals 10.09.21 | O5: Actuals 03.09.21 | P5: Baseline 01.07.21 | R5: Plan 09/2021 | S5: Plan 10/2021 | T5: Plan 11/2021 | U5: Plan 12/2021 | W5: Comments
A6: .
J8: ='Plan view'!$H10 -> 9 | K8: 1 | M8: 1 | N8: 1 | O8: 0 | P8: ='Plan view'!$F10 -> 0 | R8: 2 | S8: 3 | T8: 5 | U8: 9 | W8: Number 9 is satisfied when 5 project artifacts are done and vendors are evaluated from atlast 4 perspectives. KPI descriptions are as follow: 1) Requirment identification 2) Vendor selection 3) Architecture design 4) Proof of Concept 5) Integration possibility with SIEM 6) long term cost 7) Functionality 8) Integration 9) Analytics power
W9: Number 9 is satisfied when 5 project artifacts are done and vendors are evaluated from atlast 4 perspectives. KPI descriptions are as follow: 1) Requirment identification 2) Vendor selection 3) Architecture design 4) Proof of Concept 5) Integration possibility with SIEM 6) long term cost 7) Functionality 8) Integration 9) Analytics power
W10: Number 9 is satisfied when 5 project artifacts are done and vendors are evaluated from atlast 4 perspectives. KPI descriptions are as follow: 1) Requirment identification 2) Vendor selection 3) Architecture design 4) Proof of Concept 5) Integration possibility with SIEM 6) long term cost 7) Functionality 8) Integration 9) Analytics power
W11: Number 9 is satisfied when 5 project artifacts are done and vendors are evaluated from atlast 4 perspectives. KPI descriptions are as follow: 1) Requirment identification 2) Vendor selection 3) Architecture design 4) Proof of Concept 5) Integration possibility with SIEM 6) long term cost 7) Functionality 8) Integration 9) Analytics power
W12: Number 9 is satisfied when 5 project artifacts are done and vendors are evaluated from atlast 4 perspectives. KPI descriptions are as follow: 1) Requirment identification 2) Vendor selection 3) Architecture design 4) Proof of Concept 5) Integration possibility with SIEM 6) long term cost 7) Functionality 8) Integration 9) Analytics power
W13: Number 9 is satisfied when 5 project artifacts are done and vendors are evaluated from atlast 4 perspectives. KPI descriptions are as follow: 1) Requirment identification 2) Vendor selection 3) Architecture design 4) Proof of Concept 5) Integration possibility with SIEM 6) long term cost 7) Functionality 8) Integration 9) Analytics power
W14: Number 9 is satisfied when 5 project artifacts are done and vendors are evaluated from atlast 4 perspectives. KPI descriptions are as follow: 1) Requirment identification 2) Vendor selection 3) Architecture design 4) Proof of Concept 5) Integration possibility with SIEM 6) long term cost 7) Functionality 8) Integration 9) Analytics power
W15: Number 9 is satisfied when 5 project artifacts are done and vendors are evaluated from atlast 4 perspectives. KPI descriptions are as follow: 1) Requirment identification 2) Vendor selection 3) Architecture design 4) Proof of Concept 5) Integration possibility with SIEM 6) long term cost 7) Functionality 8) Integration 9) Analytics power
W16: Number 9 is satisfied when 5 project artifacts are done and vendors are evaluated from atlast 4 perspectives. KPI descriptions are as follow: 1) Requirment identification 2) Vendor selection 3) Architecture design 4) Proof of Concept 5) Integration possibility with SIEM 6) long term cost 7) Functionality 8) Integration 9) Analytics power
W17: Number 9 is satisfied when 5 project artifacts are done and vendors are evaluated from atlast 4 perspectives. KPI descriptions are as follow: 1) Requirment identification 2) Vendor selection 3) Architecture design 4) Proof of Concept 5) Integration possibility with SIEM 6) long term cost 7) Functionality 8) Integration 9) Analytics power
W18: Number 9 is satisfied when 5 project artifacts are done and vendors are evaluated from atlast 4 perspectives. KPI descriptions are as follow: 1) Requirment identification 2) Vendor selection 3) Architecture design 4) Proof of Concept 5) Integration possibility with SIEM 6) long term cost 7) Functionality 8) Integration 9) Analytics power
W19: Number 9 is satisfied when 5 project artifacts are done and vendors are evaluated from atlast 4 perspectives. KPI descriptions are as follow: 1) Requirment identification 2) Vendor selection 3) Architecture design 4) Proof of Concept 5) Integration possibility with SIEM 6) long term cost 7) Functionality 8) Integration 9) Analytics power

Sheet M302
H1: Focus Area | J1: Slow down hackers | S1: All yellow marked columns to be filled out
A2: IT Security Initiative | J2: M302 | K2: #REF! | R2: Please fill in your monthly split of planned KPI target values (accumulated plan). Please leave a comment: In which CW will you report your first progress?
A3: =Overview!A3 -> Progress KPI Reporting 2021 | J3: ='Plan view'!E11 -> # of reached milestones
J4: =J8 -> 5 | K4: =K8 -> 0 | M4: =M8 -> 0 | N4: =N8 -> 0 | O4: =O8 -> 0 | P4: =P8 -> 0 | R4: =R8 -> 0 | S4: =S8 -> 2 | T4: =T8 -> 3 | U4: =U8 -> 5
J5: Target 31.12.21 | K5: Actuals 24.09.21 | M5: Actuals 17.09.21 | N5: Actuals 10.09.21 | O5: Actuals 03.09.21 | P5: Baseline 01.07.21 | R5: Plan 09/2021 | S5: Plan 10/2021 | T5: Plan 11/2021 | U5: Plan 12/2021 | W5: Comments
A6: .
J8: ='Plan view'!$H11 -> 5 | K8: 0 | M8: 0 | N8: 0 | O8: 0 | P8: ='Plan view'!$F11 -> 0 | R8: 0 | S8: 2 | T8: 3 | U8: 5

Sheet M280
H1: Focus Area | J1: Increase Detection | S1: All yellow marked columns to be filled out
A2: IT Security Initiative | J2: M280 | K2: #REF! | R2: Please fill in your monthly split of planned KPI target values (accumulated plan). Please leave a comment: In which CW will you report your first progress?
A3: =Overview!A3 -> Progress KPI Reporting 2021 | J3: ='Plan view'!E12 -> # of new generation ADH deployment
J4: =J8 -> 10 | K4: =K8 -> 0 | M4: =M8 -> 0 | N4: =N8 -> 0 | O4: =O8 -> 0 | P4: =P8 -> 0 | R4: =R8 -> 0 | S4: =S8 -> 0 | T4: =T8 -> 1 | U4: =U8 -> 10
J5: Target 31.12.21 | K5: Actuals 24.09.21 | M5: Actuals 17.09.21 | N5: Actuals 10.09.21 | O5: Actuals 03.09.21 | P5: Baseline 01.07.21 | R5: Plan 09/2021 | S5: Plan 10/2021 | T5: Plan 11/2021 | U5: Plan 12/2021 | W5: Comments
A6: .
J8: ='Plan view'!$H12 -> 10 | K8: 0 | M8: 0 | N8: 0 | O8: 0 | P8: ='Plan view'!$F12 -> 0 | R8: 0 | S8: 0 | T8: 1 | U8: 10 | W8: Main project work is to define architecture and set up pilot, rollout of new ADHs will be done in parallel, but deployment completion can only be done at project end following successful pilot.
W9: Main project work is to define architecture and set up pilot, rollout of new ADHs will be done in parallel, but deployment completion can only be done at project end following successful pilot.
W10: Main project work is to define architecture and set up pilot, rollout of new ADHs will be done in parallel, but deployment completion can only be done at project end following successful pilot.
W11: Main project work is to define architecture and set up pilot, rollout of new ADHs will be done in parallel, but deployment completion can only be done at project end following successful pilot.
W12: Main project work is to define architecture and set up pilot, rollout of new ADHs will be done in parallel, but deployment completion can only be done at project end following successful pilot.
W13: Main project work is to define architecture and set up pilot, rollout of new ADHs will be done in parallel, but deployment completion can only be done at project end following successful pilot.
W14: Main project work is to define architecture and set up pilot, rollout of new ADHs will be done in parallel, but deployment completion can only be done at project end following successful pilot.
W15: Main project work is to define architecture and set up pilot, rollout of new ADHs will be done in parallel, but deployment completion can only be done at project end following successful pilot.
W16: Main project work is to define architecture and set up pilot, rollout of new ADHs will be done in parallel, but deployment completion can only be done at project end following successful pilot.
W17: Main project work is to define architecture and set up pilot, rollout of new ADHs will be done in parallel, but deployment completion can only be done at project end following successful pilot.
W18: Main project work is to define architecture and set up pilot, rollout of new ADHs will be done in parallel, but deployment completion can only be done at project end following successful pilot.
W19: Main project work is to define architecture and set up pilot, rollout of new ADHs will be done in parallel, but deployment completion can only be done at project end following successful pilot.

Sheet M281
H1: Focus Area | J1: Increase Detection | S1: All yellow marked columns to be filled out
A2: IT Security Initiative | J2: M281 | K2: #REF! | R2: Please fill in your monthly split of planned KPI target values (accumulated plan). Please leave a comment: In which CW will you report your first progress?
A3: =Overview!A3 -> Progress KPI Reporting 2021 | J3: ='Plan view'!E13 -> # of DNS Server logs consumed
J4: =J8 -> 2 | K4: =K8 -> 0 | M4: =M8 -> 0 | N4: =N8 -> 0 | O4: =O8 -> 0 | P4: =P8 -> 0 | R4: =R8 -> 0 | S4: =S8 -> 0 | T4: =T8 -> 1 | U4: =U8 -> 2
J5: Target 31.12.21 | K5: Actuals 24.09.21 | M5: Actuals 17.09.21 | N5: Actuals 10.09.21 | O5: Actuals 03.09.21 | P5: Baseline 01.07.21 | R5: Plan 09/2021 | S5: Plan 10/2021 | T5: Plan 11/2021 | U5: Plan 12/2021 | W5: Comments
A6: .
J8: ='Plan view'!$H13 -> 2 | K8: 0 | M8: 0 | N8: 0 | O8: 0 | P8: ='Plan view'!$F8 -> 0 | R8: 0 | S8: 0 | T8: 1 | U8: 2

Sheet M282
H1: Focus Area | J1: Increase Detection | S1: All yellow marked columns to be filled out
A2: IT Security Initiative | J2: M282 | K2: #REF! | R2: Please fill in your monthly split of planned KPI target values (accumulated plan). Please leave a comment: In which CW will you report your first progress?
A3: =Overview!A3 -> Progress KPI Reporting 2021 | J3: ='Plan view'!E14 -> # of DCs and endpoints covered with deception
J4: =J8 -> 6 | K4: =K8 -> 0 | M4: =M8 -> 0 | N4: =N8 -> 0 | O4: =O8 -> 0 | P4: =P8 -> 0 | R4: =R8 -> 0 | S4: =S8 -> 2 | T4: =T8 -> 4 | U4: =U8 -> 6
J5: Target 31.12.21 | K5: Actuals 24.09.21 | M5: Actuals 17.09.21 | N5: Actuals 10.09.21 | O5: Actuals 03.09.21 | P5: Baseline 01.07.21 | R5: Plan 09/2021 | S5: Plan 10/2021 | T5: Plan 11/2021 | U5: Plan 12/2021 | W5: Comments
A6: .
J8: ='Plan view'!$H14 -> 6 | K8: 0 | M8: 0 | N8: 0 | O8: 0 | P8: ='Plan view'!$F14 -> 0 | R8: 0 | S8: 2 | T8: 4 | U8: 6

Sheet M283
H1: Focus Area | J1: Increase Detection | S1: All yellow marked columns to be filled out
A2: IT Security Initiative | J2: M283 | K2: #REF! | R2: Please fill in your monthly split of planned KPI target values (accumulated plan). Please leave a comment: In which CW will you report your first progress?
A3: =Overview!A3 -> Progress KPI Reporting 2021 | J3: ='Plan view'!E15 -> # of implemented cloud use cases
J4: =J8 -> 10 | K4: =K8 -> 1 | M4: =M8 -> 1 | N4: =N8 -> 1 | O4: =O8 -> 0 | P4: =P8 -> 0 | R4: =R8 -> 0 | S4: =S8 -> 2 | T4: =T8 -> 6 | U4: =U8 -> 10
J5: Target 31.12.21 | K5: Actuals 24.09.21 | M5: Actuals 17.09.21 | N5: Actuals 10.09.21 | O5: Actuals 03.09.21 | P5: Baseline 01.07.21 | R5: Plan 09/2021 | S5: Plan 10/2021 | T5: Plan 11/2021 | U5: Plan 12/2021 | W5: Comments
A6: .
J8: ='Plan view'!$H15 -> 10 | K8: 1 | M8: 1 | N8: 1 | O8: 0 | P8: ='Plan view'!$F15 -> 0 | R8: 0 | S8: 2 | T8: 6 | U8: 10

Sheet M284
H1: Focus Area | J1: Increase Detection | S1: All yellow marked columns to be filled out
A2: IT Security Initiative | J2: M284 | K2: #REF! | R2: Please fill in your monthly split of planned KPI target values (accumulated plan). Please leave a comment: In which CW will you report your first progress?
A3: =Overview!A3 -> Progress KPI Reporting 2021 | J3: ='Plan view'!E16 -> # of integrations or play books implemented
J4: =J8 -> 8 | K4: =K8 -> 4 | M4: =M8 -> 4 | N4: =N8 -> 4 | O4: =O8 -> 3 | P4: =P8 -> 0 | R4: =R8 -> 2 | S4: =S8 -> 4 | T4: =T8 -> 6 | U4: =U8 -> 8
J5: Target 31.12.21 | K5: Actuals 24.09.21 | M5: Actuals 17.09.21 | N5: Actuals 10.09.21 | O5: Actuals 03.09.21 | P5: Baseline 01.07.21 | R5: Plan 09/2021 | S5: Plan 10/2021 | T5: Plan 11/2021 | U5: Plan 12/2021 | W5: Comments
A6: .
J8: ='Plan view'!$H16 -> 8 | K8: 4 | M8: 4 | N8: 4 | O8: 3 | P8: ='Plan view'!$F16 -> 0 | R8: 2 | S8: 4 | T8: 6 | U8: 8

Sheet M285
H1: Focus Area | J1: Increase Detection | S1: All yellow marked columns to be filled out
A2: IT Security Initiative | J2: M285 | K2: #REF! | R2: Please fill in your monthly split of planned KPI target values (accumulated plan). Please leave a comment: In which CW will you report your first progress?
A3: =Overview!A3 -> Progress KPI Reporting 2021 | J3: ='Plan view'!E17 -> # of business critical applications moved to Enforce-Mode
J4: =J8 -> 30 | K4: =K8 -> 2 | M4: =M8 -> 2 | N4: =N8 -> 1 | O4: =O8 -> 0 | P4: =P8 -> 0 | R4: =R8 -> 8 | S4: =S8 -> 15 | T4: =T8 -> 25 | U4: =U8 -> 30
J5: Target 31.12.21 | K5: Actuals 24.09.21 | M5: Actuals 17.09.21 | N5: Actuals 10.09.21 | O5: Actuals 03.09.21 | P5: Baseline 01.07.21 | R5: Plan 09/2021 | S5: Plan 10/2021 | T5: Plan 11/2021 | U5: Plan 12/2021 | W5: Comments
A6: .
J8: ='Plan view'!$H17 -> 30 | K8: 2 | M8: 2 | N8: 1 | O8: 0 | P8: ='Plan view'!$F17 -> 0 | R8: 8 | S8: 15 | T8: 25 | U8: 30 | W8: First application moved to Enforce Mode in CW36
W9: First application moved to Enforce Mode in CW36
W10: First application moved to Enforce Mode in CW36
W11: First application moved to Enforce Mode in CW36
W12: First application moved to Enforce Mode in CW36
W13: First application moved to Enforce Mode in CW36
W14: First application moved to Enforce Mode in CW36
W15: First application moved to Enforce Mode in CW36
W16: First application moved to Enforce Mode in CW36
W17: First application moved to Enforce Mode in CW36
W18: First application moved to Enforce Mode in CW36
W19: First application moved to Enforce Mode in CW36

Sheet M286
H1: Focus Area | J1: Increase Detection | S1: All yellow marked columns to be filled out
A2: IT Security Initiative | J2: M286 | K2: #REF! | R2: Please fill in your monthly split of planned KPI target values (accumulated plan). Please leave a comment: In which CW will you report your first progress?
A3: =Overview!A3 -> Progress KPI Reporting 2021 | J3: ='Plan view'!E18 -> # of Reporting User Stories designed and User Stories implemented
J4: =J8 -> 12 | K4: =K8 -> 1 | M4: =M8 -> 1 | N4: =N8 -> 1 | O4: =O8 -> 0 | P4: =P8 -> 0 | R4: =R8 -> 4 | S4: =S8 -> 6 | T4: =T8 -> 8 | U4: =U8 -> 12
J5: Target 31.12.21 | K5: Actuals 24.09.21 | M5: Actuals 17.09.21 | N5: Actuals 10.09.21 | O5: Actuals 03.09.21 | P5: Baseline 01.07.21 | R5: Plan 09/2021 | S5: Plan 10/2021 | T5: Plan 11/2021 | U5: Plan 12/2021 | W5: Comments
A6: .
J8: ='Plan view'!$H18 -> 12 | K8: 1 | M8: 1 | N8: 1 | O8: 0 | P8: ='Plan view'!$F18 -> 0 | R8: 4 | S8: 6 | T8: 8 | U8: 12 | W8: As predicted more progress regarding the KPI's was archieved in CW37 with the User Story to Archer as a Sensor.
W9: As predicted more progress regarding the KPI's was archieved in CW37 with the User Story to Archer as a Sensor.
W10: As predicted more progress regarding the KPI's was archieved in CW37 with the User Story to Archer as a Sensor.
W11: As predicted more progress regarding the KPI's was archieved in CW37 with the User Story to Archer as a Sensor.
W12: As predicted more progress regarding the KPI's was archieved in CW37 with the User Story to Archer as a Sensor.
W13: As predicted more progress regarding the KPI's was archieved in CW37 with the User Story to Archer as a Sensor.
W14: As predicted more progress regarding the KPI's was archieved in CW37 with the User Story to Archer as a Sensor.
W15: As predicted more progress regarding the KPI's was archieved in CW37 with the User Story to Archer as a Sensor.
W16: As predicted more progress regarding the KPI's was archieved in CW37 with the User Story to Archer as a Sensor.
W17: As predicted more progress regarding the KPI's was archieved in CW37 with the User Story to Archer as a Sensor.
W18: As predicted more progress regarding the KPI's was archieved in CW37 with the User Story to Archer as a Sensor.
W19: As predicted more progress regarding the KPI's was archieved in CW37 with the User Story to Archer as a Sensor.

Sheet M287
H1: Focus Area | J1: Reduce Damage | S1: All yellow marked columns to be filled out
A2: IT Security Initiative | J2: M287 | K2: #REF! | R2: Please fill in your monthly split of planned KPI target values (accumulated plan). Please leave a comment: In which CW will you report your first progress?
A3: =Overview!A3 -> Progress KPI Reporting 2021 | J3: ='Plan view'!E19 -> # of OEs covered with Qualys agents on clients
J4: 20 | K4: =K88 -> 1 | M4: =M88 -> 1 | N4: =N88 -> 0 | O4: =O88 -> 0 | P4: =P88 -> 0 | R4: =R88 -> 6 | S4: =S88 -> 18 | T4: =T88 -> 42 | U4: =U88 -> 58
A5: Board Members | B5: H Ressort | C5: ITC Mapping | E5: Group Iso Function | F5: OEs ID | G5: CIM ID | H5: OE | J5: Target 31.12.21 | K5: Actuals 24.09.21 | M5: Actuals 17.09.21 | N5: Actuals 10.09.21 | O5: Actuals 03.09.21 | P5: Baseline 01.07.21 | R5: Plan 09/2021 | S5: Plan 10/2021 | T5: Plan 11/2021 | U5: Plan 12/2021 | W5: Comments
A6: .
A7: Bäte | B7: H1 CEO | C7: 1 | D7: Allianz SE, Allianz Europe | E7: Shared Services | F7: 1 | G7: AZSE | H7: Allianz SE | J7: 1 | K7: 0 | M7: 0 | N7: 0 | O7: 0 | P7: 0 | R7: 0 | S7: 0 | T7: 1 | U7: 1
C8: 2 | D8: TBD | E8: Asset & Overseas | F8: 2 | G8: AU | H8: Allianz Australia P&C | J8: 1 | K8: 0 | M8: 0 | N8: 0 | O8: 0 | P8: 0 | R8: 4 | S8: 12 | T8: 28 | U8: 39
A9: . | F9: ∑ | G9: ∑ | H9: 2 | J9: =SUM(J7:J8) -> 2 | K9: =SUM(K7:K8) -> 0 | M9: =SUM(M7:M8) -> 0 | N9: =SUM(N7:N8) -> 0 | O9: =SUM(O7:O8) -> 0 | P9: =SUM(P7:P8) -> 0 | R9: =SUM(R7:R8) -> 4 | S9: =SUM(S7:S8) -> 12 | T9: =SUM(T7:T8) -> 29 | U9: =SUM(U7:U8) -> 40
A10: .
A11: Thallinger | B11: H3 Investments Management | C11: 2 | D11: Allianz Investment | E11: Shared Services | F11: 3 | G11: ADEUS | H11: ADEUS Aktienregister-Service-GmbH | J11: 1 | K11: 0 | M11: 0 | N11: 0 | O11: 0 | P11: 0 | R11: 0 | S11: 1 | T11: 1 | U11: 1
E12: Europe 3 | F12: 4 | G12: AGL | H12: Allianz Global Life | J12: 1 | K12: 0 | M12: 0 | N12: 0 | O12: 0 | P12: 0 | R12: 0 | S12: 1 | T12: 1 | U12: 1
E13: Shared Services | F13: 5 | G13: AIM | H13: Allianz Investment Management (AIM) | J13: 1 | K13: 0 | M13: 0 | N13: 0 | O13: 0 | P13: 0 | R13: 0 | S13: 1 | T13: 1 | U13: 1
E14: Shared Services | F14: 6 | G14: ARE | H14: Allianz Real Estate (ARE) | J14: 0 | K14: 0 | M14: 0 | N14: 0 | O14: 0 | P14: 0 | R14: 0 | S14: 0 | T14: 0 | U14: 0
E15: TBD | F15: 7 | G15: AUL | H15: Allianz Australia Life | J15: 0 | K15: 0 | M15: 0 | N15: 0 | O15: 0 | P15: 0 | R15: 0 | S15: 0 | T15: 0 | U15: 0
E16: Shared Services | F16: 8 | G16: IDS | H16: Investment Data Services (IDS) | J16: 1 | K16: 0 | M16: 0 | N16: 0 | O16: 0 | P16: 0 | R16: 0 | S16: 1 | T16: 1 | U16: 1
A17: . | F17: ∑ | G17: ∑ | H17: 6 | J17: =SUM(J11:J16) -> 4 | K17: =SUM(K11:K16) -> 0 | M17: =SUM(M11:M16) -> 0 | N17: =SUM(N11:N16) -> 0 | O17: =SUM(O11:O16) -> 0 | P17: =SUM(P11:P16) -> 0 | R17: =SUM(R11:R16) -> 0 | S17: =SUM(S11:S16) -> 4 | T17: =SUM(T11:T16) -> 4 | U17: =SUM(U11:U16) -> 4
A18: .
A19: Mascher | B19: H4 Operations | C19: 3 | D19: Allianz Technology | E19: AZ Technology | F19: 9 | G19: AMOS | H19: Allianz Technology | J19: 0 | K19: 0 | M19: 0 | N19: 0 | O19: 0 | P19: 0 | R19: 0 | S19: 0 | T19: 0 | U19: 0
A20: . | F20: ∑ | G20: ∑ | H20: 1 | J20: =SUM(J19) -> 0 | K20: =SUM(K19) -> 0 | M20: =SUM(M19) -> 0 | N20: =SUM(N19) -> 0 | O20: =SUM(O19) -> 0 | P20: =SUM(P19) -> 0 | R20: =SUM(R19) -> 0 | S20: =SUM(S19) -> 0 | T20: =SUM(T19) -> 0 | U20: =SUM(U19) -> 0
A21: .
A22: Balbinot | B22: H5 Insurance Western & Southern Europe, AZAP | C22: 4 | D22: AZAP | E22: AZAP | F22: 10 | G22: CNPC | H22: Allianz China - P&C | J22: 1 | K22: 0 | M22: 0 | N22: 0 | O22: 0 | P22: 0 | R22: 0 | S22: 0 | T22: 0 | U22: 1
B23: H2 Finance, Controlling, Risk | E23: AZAP | F23: 11 | G23: CNH | H23: Allianz China - Holding | J23: 1 | K23: 0 | M23: 0 | N23: 0 | O23: 0 | P23: 0 | R23: 0 | S23: 0 | T23: 0 | U23: 1
B24: H2 Finance, Controlling, Risk | E24: AZAP | F24: 12 | G24: ID | H24: Allianz Indonesia | J24: 0 | K24: 0 | M24: 0 | N24: 0 | O24: 0 | P24: 0 | R24: 0 | S24: 0 | T24: 0 | U24: 0
B25: H2 Finance, Controlling, Risk | E25: AZAP | F25: 13 | G25: LAPC | H25: Allianz Laos | J25: 0 | K25: 0 | M25: 0 | N25: 0 | O25: 0 | P25: 0 | R25: 0 | S25: 0 | T25: 0 | U25: 0
B26: H2 Finance, Controlling, Risk | E26: AZAP | F26: 14 | G26: MY | H26: Allianz Malaysia | J26: 0 | K26: 0 | M26: 0 | N26: 0 | O26: 0 | P26: 0 | R26: 0 | S26: 0 | T26: 0 | U26: 0
B27: H2 Finance, Controlling, Risk | E27: AZAP | F27: 15 | G27: PH | H27: Allianz Philippine - L&H | J27: 1 | K27: 0 | M27: 0 | N27: 0 | O27: 0 | P27: 0 | R27: 0 | S27: 0 | T27: 1 | U27: 1
B28: H2 Finance, Controlling, Risk | E28: AZAP | F28: 16 | G28: LK | H28: Allianz Sri Lanka | J28: 0 | K28: 0 | M28: 0 | N28: 0 | O28: 0 | P28: 0 | R28: 0 | S28: 0 | T28: 0 | U28: 0
B29: H2 Finance, Controlling, Risk | E29: AZAP | F29: 17 | G29: AS | H29: Allianz Singapore | J29: 1 | K29: 0 | M29: 0 | N29: 0 | O29: 0 | P29: 0 | R29: 1 | S29: 1 | T29: 1 | U29: 1
B30: H2 Finance, Controlling, Risk | E30: AZAP | F30: 18 | G30: TWL | H30: Allianz Taiwan - Life | J30: 1 | K30: 0 | M30: 0 | N30: 0 | O30: 0 | P30: 0 | R30: 0 | S30: 0 | T30: 0 | U30: 1
B31: H2 Finance, Controlling, Risk | E31: AZAP | F31: 19 | G31: TH | H31: Allianz Thailand | J31: 1 | K31: 0 | M31: 0 | N31: 0 | O31: 0 | P31: 0 | R31: 0 | S31: 0 | T31: 0 | U31: 1
B32: H2 Finance, Controlling, Risk | E32: AZAP | F32: 20 | G32: FIN | H32: FinOS - Holding | J32: 0 | K32: 0 | M32: 0 | N32: 0 | O32: 0 | P32: 0 | R32: 0 | S32: 0 | T32: 0 | U32: 0
B33: H2 Finance, Controlling, Risk | F33: ∑ | G33: ∑ | H33: 11 | J33: =SUM(J22:J32) -> 6 | K33: =SUM(K22:K32) -> 0 | M33: =SUM(M22:M32) -> 0 | N33: =SUM(N22:N32) -> 0 | O33: =SUM(O22:O32) -> 0 | P33: =SUM(P22:P32) -> 0 | R33: =SUM(R22:R32) -> 1 | S33: =SUM(S22:S32) -> 1 | T33: =SUM(T22:T32) -> 2 | U33: =SUM(U22:U32) -> 6
B34: H2 Finance, Controlling, Risk | C34: 5 | D34: Allianz Benelux | E34: Europe 2 | F34: 21 | G34: BLX | H34: Allianz Benelux | J34: 0 | K34: 0 | M34: 0 | N34: 0 | O34: 0 | P34: 0 | R34: 0 | S34: 0 | T34: 0 | U34: 0
B35: H2 Finance, Controlling, Risk | C35: 6 | D35: Allianz France | E35: Europe 2 | F35: 22 | G35: FR | H35: Allianz France | J35: 0 | K35: 0 | M35: 0 | N35: 0 | O35: 0 | P35: 0 | R35: 0 | S35: 0 | T35: 0 | U35: 0
B36: H2 Finance, Controlling, Risk | C36: 7 | D36: Allianz Greece | E36: Europe 3 | F36: 23 | G36: GR | H36: Allianz Greece | J36: 0 | K36: 0 | M36: 0 | N36: 0 | O36: 0 | P36: 0 | R36: 0 | S36: 0 | T36: 0 | U36: 0
B37: H2 Finance, Controlling, Risk | C37: 8 | D37: Allianz Italy | E37: Europe 3 | F37: 24 | G37: IT | H37: Allianz Italy | J37: 0 | K37: 0 | M37: 0 | N37: 0 | O37: 0 | P37: 0 | R37: 0 | S37: 0 | T37: 0 | U37: 0
B38: H2 Finance, Controlling, Risk | C38: 9 | D38: Allianz Turkey | E38: Europe 3 | F38: 25 | G38: TR | H38: Allianz Turkey | J38: 0 | K38: 0 | M38: 0 | N38: 0 | O38: 0 | P38: 0 | R38: 0 | S38: 0 | T38: 0 | U38: 0
A39: . | F39: ∑ | G39: ∑ | H39: 16 | J39: =SUM(J33:J38) -> 6 | K39: =SUM(K33:K38) -> 0 | M39: =SUM(M33:M38) -> 0 | N39: =SUM(N33:N38) -> 0 | O39: =SUM(O33:O38) -> 0 | P39: =SUM(P33:P38) -> 0 | R39: =SUM(R33:R38) -> 1 | S39: =SUM(S33:S38) -> 1 | T39: =SUM(T33:T38) -> 2 | U39: =SUM(U33:U38) -> 6
A40: .
A41: Theis | B41: H7 Insurance German Speaking Countries & CEE | C41: 10 | D41: Allianz Germany | E41: Europe 1 | F41: 26 | G41: AZD | H41: Allianz Germany | J41: 0 | K41: 0 | M41: 0 | N41: 0 | O41: 0 | P41: 0 | R41: 0 | S41: 0 | T41: 0 | U41: 0
B42: H2 Finance, Controlling, Risk | C42: 11 | D42: CEE | E42: CEE | F42: 27 | G42: AT | H42: Allianz Austria (Elementar) | J42: 0 | K42: 0 | M42: 0 | N42: 0 | O42: 0 | P42: 0 | R42: 0 | S42: 0 | T42: 0 | U42: 0
B43: H2 Finance, Controlling, Risk | E43: CEE | F43: 28 | G43: BG | H43: Allianz Bulgaria | J43: 1 | K43: 0 | M43: 0 | N43: 0 | O43: 0 | P43: 0 | R43: 0 | S43: 0 | T43: 1 | U43: 1
B44: H2 Finance, Controlling, Risk | E44: CEE | F44: 29 | G44: CZ | H44: Allianz Czechia | J44: 0 | K44: 0 | M44: 0 | N44: 0 | O44: 0 | P44: 0 | R44: 0 | S44: 0 | T44: 0 | U44: 0
B45: H2 Finance, Controlling, Risk | E45: CEE | F45: 30 | G45: HU | H45: Allianz Hungary | J45: 1 | K45: 0 | M45: 0 | N45: 0 | O45: 0 | P45: 0 | R45: 0 | S45: 0 | T45: 1 | U45: 1
B46: H2 Finance, Controlling, Risk | E46: CEE | F46: 31 | G46: HR | H46: Allianz Croatia (Zagreb) | J46: 0 | K46: 0 | M46: 0 | N46: 0 | O46: 0 | P46: 0 | R46: 0 | S46: 0 | T46: 0 | U46: 0
B47: H2 Finance, Controlling, Risk | E47: CEE | F47: 32 | G47: PL | H47: Allianz Poland | J47: 1 | K47: 0 | M47: 0 | N47: 0 | O47: 0 | P47: 0 | R47: 0 | S47: 0 | T47: 1 | U47: 1
B48: H2 Finance, Controlling, Risk | E48: CEE | F48: 33 | G48: RO | H48: Allianz Romania (Tiriac) | J48: 1 | K48: 0 | M48: 0 | N48: 0 | O48: 0 | P48: 0 | R48: 0 | S48: 0 | T48: 1 | U48: 1
B49: H2 Finance, Controlling, Risk | E49: CEE | F49: 34 | G49: RU | H49: Allianz Russia | J49: 0 | K49: 0 | M49: 0 | N49: 0 | O49: 0 | P49: 0 | R49: 0 | S49: 0 | T49: 0 | U49: 0
B50: H2 Finance, Controlling, Risk | E50: CEE | F50: 35 | G50: SK | H50: Allianz Slovakia | J50: 1 | K50: 0 | M50: 0 | N50: 0 | O50: 0 | P50: 0 | R50: 0 | S50: 0 | T50: 1 | U50: 1
B51: H2 Finance, Controlling, Risk | E51: CEE | F51: 36 | G51: UKR | H51: Allianz Ukraine | J51: 0 | K51: 0 | M51: 0 | N51: 0 | O51: 0 | P51: 0 | R51: 0 | S51: 0 | T51: 0 | U51: 0
B52: H2 Finance, Controlling, Risk | F52: ∑ | G52: ∑ | H52: 11 | J52: =SUM(J41:J51) -> 5 | K52: =SUM(K41:K51) -> 0 | M52: =SUM(M41:M51) -> 0 | N52: =SUM(N41:N51) -> 0 | O52: =SUM(O41:O51) -> 0 | P52: =SUM(P41:P51) -> 0 | R52: =SUM(R41:R51) -> 0 | S52: =SUM(S41:S51) -> 0 | T52: =SUM(T41:T51) -> 5 | U52: =SUM(U41:U51) -> 5
B53: H2 Finance, Controlling, Risk | C53: 12 | D53: Allianz Suisse | E53: Europe 1 | F53: 37 | G53: CH | H53: Allianz Switzerland | J53: 0 | K53: 0 | M53: 0 | N53: 0 | O53: 0 | P53: 0 | R53: 0 | S53: 0 | T53: 0 | U53: 0
A54: . | F54: ∑ | G54: ∑ | H54: 12 | J54: =SUM(J52:J53) -> 5 | K54: =SUM(K52:K53) -> 0 | M54: =SUM(M52:M53) -> 0 | N54: =SUM(N52:N53) -> 0 | O54: =SUM(O52:O53) -> 0 | P54: =SUM(P52:P53) -> 0 | R54: =SUM(R52:R53) -> 0 | S54: =SUM(S52:S53) -> 0 | T54: =SUM(T52:T53) -> 5 | U54: =SUM(U52:U53) -> 5
A55: . | J55: 0 | K55: 0 | M55: 0 | N55: 0 | O55: 0 | R55: 0 | S55: 0 | T55: 0 | U55: 0
A56: Hunt | B56: H8 Asset Management, USA Life Insurance | C56: 13 | D56: Allianz Asset Management Holding (AAM) | E56: Asset & Overseas | F56: 38 | G56: AAM | H56: Allianz Asset Management Holding (AAM) | J56: 0 | K56: 0 | M56: 0 | N56: 0 | O56: 0 | P56: 0 | R56: 0 | S56: 0 | T56: 0 | U56: 0
B57: H2 Finance, Controlling, Risk | C57: 15 | D57: Allianz Global Investors (AGI) | E57: Asset & Overseas | F57: 39 | G57: AGI | H57: Allianz Global Investors (AGI) | J57: 1 | K57: 1 | M57: 1 | N57: 0 | O57: 0 | P57: 0 | R57: 1 | S57: 1 | T57: 1 | U57: 1
B58: H2 Finance, Controlling, Risk | C58: 16 | D58: Pacific Invest.Manag. Comp.(PIMCO) | E58: Asset & Overseas | F58: 40 | G58: PIMCO | H58: Pacific Investement Management Company (PIMCO) | J58: 0 | K58: 0 | M58: 0 | N58: 0 | O58: 0 | P58: 0 | R58: 0 | S58: 0 | T58: 0 | U58: 0
B59: H2 Finance, Controlling, Risk | C59: 17 | D59: Allianz Life | E59: Asset & Overseas | F59: 41 | G59: USL | H59: Allianz Life US | J59: 1 | K59: 0 | M59: 0 | N59: 0 | O59: 0 | P59: 0 | R59: 0 | S59: 0 | T59: 0 | U59: 1
A60: . | F60: ∑ | G60: ∑ | H60: 4 | J60: =SUM(J56:J59) -> 2 | K60: =SUM(K56:K59) -> 1 | M60: =SUM(M56:M59) -> 1 | N60: =SUM(N56:N59) -> 0 | O60: =SUM(O56:O59) -> 0 | P60: =SUM(P56:P59) -> 0 | R60: =SUM(R56:R59) -> 1 | S60: =SUM(S56:S59) -> 1 | T60: =SUM(T56:T59) -> 1 | U60: =SUM(U56:U59) -> 2
A61: .
A62: Peiris | B62: H9 Global Lines & Anglo Markets, MENA, Africa | C62: 18 | D62: Allianz Africa | E62: AZ Africa | F62: 42 | G62: AFR | H62: Allianz Africa | J62: 0 | K62: 0 | M62: 0 | N62: 0 | O62: 0 | P62: 0 | R62: 0 | S62: 0 | T62: 0 | U62: 0
E63: AZ Africa | F63: 43 | G63: MA | H63: Allianz Morocco | J63: 0 | K63: 0 | M63: 0 | N63: 0 | O63: 0 | P63: 0 | R63: 0 | S63: 0 | T63: 0 | U63: 0
F64: ∑ | G64: ∑ | H64: 2 | J64: =SUM(J62:J63) -> 0 | K64: =SUM(K62:K63) -> 0 | M64: =SUM(M62:M63) -> 0 | N64: =SUM(N62:N63) -> 0 | O64: =SUM(O62:O63) -> 0 | P64: =SUM(P62:P63) -> 0 | R64: =SUM(R62:R63) -> 0 | S64: =SUM(S62:S63) -> 0 | T64: =SUM(T62:T63) -> 0 | U64: =SUM(U62:U63) -> 0
C65: 19 | D65: MENA | E65: MENA | F65: 44 | G65: EGLH | H65: Allianz Egypt L&H | J65: 0 | K65: 0 | M65: 0 | N65: 0 | O65: 0 | P65: 0 | R65: 0 | S65: 0 | T65: 0 | U65: 0
E66: MENA | F66: 45 | G66: EGPC | H66: Allianz Egypt P&C | J66: 0 | K66: 0 | M66: 0 | N66: 0 | O66: 0 | P66: 0 | R66: 0 | S66: 0 | T66: 0 | U66: 0
E67: MENA | F67: 46 | G67: LB | H67: Allianz Lebanon | J67: 0 | K67: 0 | M67: 0 | N67: 0 | O67: 0 | P67: 0 | R67: 0 | S67: 0 | T67: 0 | U67: 0
E68: MENA | F68: 47 | G68: SA | H68: Allianz Saudi Arabia | J68: 0 | K68: 0 | M68: 0 | N68: 0 | O68: 0 | P68: 0 | R68: 0 | S68: 0 | T68: 0 | U68: 0
F69: ∑ | G69: ∑ | H69: 4 | J69: =SUM(J65:J68) -> 0 | K69: =SUM(K65:K68) -> 0 | M69: =SUM(M65:M68) -> 0 | N69: =SUM(N65:N68) -> 0 | O69: =SUM(O65:O68) -> 0 | P69: =SUM(P65:P68) -> 0 | R69: =SUM(R65:R68) -> 0 | S69: =SUM(S65:S68) -> 0 | T69: =SUM(T65:T68) -> 0 | U69: =SUM(U65:U68) -> 0
C70: 20 | D70: Allianz Global Corporate & Specialty (AGCS) | E70: Europe 1 | F70: 48 | G70: AGCS | H70: Allianz Global Corporate & Specialty (AGCS) | J70: 0 | K70: 0 | M70: 0 | N70: 0 | O70: 0 | P70: 0 | R70: 0 | S70: 0 | T70: 0 | U70: 0
C71: 21 | D71: Reinsurance | E71: Europe 1 | F71: 49 | G71: AZRE | H71: Allianz Reinsurance | J71: 1 | K71: 0 | M71: 0 | N71: 0 | O71: 0 | P71: 0 | R71: 0 | S71: 0 | T71: 1 | U71: 1
C72: 23 | D72: Allianz Ireland | E72: Europe 3 | F72: 50 | G72: IE | H72: Allianz Ireland | J72: 0 | K72: 0 | M72: 0 | N72: 0 | O72: 0 | P72: 0 | R72: 0 | S72: 0 | T72: 0 | U72: 0
C73: 24 | D73: Allianz UK | E73: Europe 3 | F73: 51 | G73: UK | H73: Allianz UK | J73: 0 | K73: 0 | M73: 0 | N73: 0 | O73: 0 | P73: 0 | R73: 0 | S73: 0 | T73: 0 | U73: 0
C74: 25 | D74: Euler Hermes Group | E74: Europe 2 | F74: 52 | G74: EH | H74: Euler Hermes | J74: 0 | K74: 0 | M74: 0 | N74: 0 | O74: 0 | P74: 0 | R74: 0 | S74: 0 | T74: 0 | U74: 0
A75: . | F75: ∑ | G75: ∑ | H75: 11 | J75: =SUM(J64,J69,J70:J74) -> 1 | K75: =SUM(K64,K69,K70:K74) -> 0 | M75: =SUM(M64,M69,M70:M74) -> 0 | N75: =SUM(N64,N69,N70:N74) -> 0 | O75: =SUM(O64,O69,O70:O74) -> 0 | P75: =SUM(P64,P69,P70:P74) -> 0 | R75: =SUM(R64,R69,R70:R74) -> 0 | S75: =SUM(S64,S69,S70:S74) -> 0 | T75: =SUM(T64,T69,T70:T74) -> 1 | U75: =SUM(U64,U69,U70:U74) -> 1
A76: .
A77: de la Sota | B77: H10 Business Transformation | C77: 26 | D77: Allianz Ibero & Latin America | E77: IbertoLatAm | F77: 53 | G77: AR | H77: Allianz Argentina | J77: 0 | K77: 0 | M77: 0 | N77: 0 | O77: 0 | P77: 0 | R77: 0 | S77: 0 | T77: 0 | U77: 0
E78: IbertoLatAm | F78: 54 | G78: BR | H78: Allianz Brazil | J78: 0 | K78: 0 | M78: 0 | N78: 0 | O78: 0 | P78: 0 | R78: 0 | S78: 0 | T78: 0 | U78: 0
E79: IbertoLatAm | F79: 55 | G79: CO | H79: Allianz Colombia | J79: 0 | K79: 0 | M79: 0 | N79: 0 | O79: 0 | P79: 0 | R79: 0 | S79: 0 | T79: 0 | U79: 0
E80: IbertoLatAm | F80: 56 | G80: MX | H80: Allianz Mexico | J80: 0 | K80: 0 | M80: 0 | N80: 0 | O80: 0 | P80: 0 | R80: 0 | S80: 0 | T80: 0 | U80: 0
E81: IbertoLatAm | F81: 57 | G81: PT | H81: Allianz Portugal | J81: 0 | K81: 0 | M81: 0 | N81: 0 | O81: 0 | P81: 0 | R81: 0 | S81: 0 | T81: 0 | U81: 0
E82: IbertoLatAm | F82: 58 | G82: ES | H82: Allianz Spain (Seguros) | J82: 0 | K82: 0 | M82: 0 | N82: 0 | O82: 0 | P82: 0 | R82: 0 | S82: 0 | T82: 0 | U82: 0
F83: ∑ | G83: ∑ | H83: 6 | J83: =SUM(J77:J82) -> 0 | K83: =SUM(K77:K82) -> 0 | M83: =SUM(M77:M82) -> 0 | N83: =SUM(N77:N82) -> 0 | O83: =SUM(O77:O82) -> 0 | U83: =SUM(U77:U82) -> 0
C84: 27 | D84: Allianz Partners | E84: Europe 2 | F84: 59 | G84: AWP | H84: Allianz Partners | J84: 0 | K84: 0 | M84: 0 | N84: 0 | O84: 0 | P84: 0 | R84: 0 | S84: 0 | T84: 0 | U84: 0
C85: 28 | D85: TBD | E85: Shared Services | F85: 60 | G85: AZX | H85: AllianzX | J85: 0 | K85: 0 | M85: 0 | N85: 0 | O85: 0 | P85: 0 | R85: 0 | S85: 0 | T85: 0 | U85: 0
F86: ∑ | G86: ∑ | H86: 8 | J86: =SUM(J83:J85) -> 0 | K86: =SUM(K83:K85) -> 0 | M86: =SUM(M83:M85) -> 0 | N86: =SUM(N83:N85) -> 0 | O86: =SUM(O83:O85) -> 0 | P86: =SUM(P83:P85) -> 0 | R86: =SUM(R83:R85) -> 0 | S86: =SUM(S83:S85) -> 0 | T86: =SUM(T83:T85) -> 0 | U86: =SUM(U83:U85) -> 0
H88: 60 | J88: =SUM(J9,J17,J20,J39,J54,J60,J75,J86) -> 20 | K88: =SUM(K9,K17,K20,K39,K54,K60,K75,K86) -> 1 | M88: =SUM(M9,M17,M20,M39,M54,M60,M75,M86) -> 1 | N88: =SUM(N9,N17,N20,N39,N54,N60,N75,N86) -> 0 | O88: =SUM(O9,O17,O20,O39,O54,O60,O75,O86) -> 0 | P88: =SUM(P9,P17,P20,P39,P54,P60,P75,P86) -> 0 | R88: =SUM(R9,R17,R20,R39,R54,R60,R75,R86) -> 6 | S88: =SUM(S9,S17,S20,S39,S54,S60,S75,S86) -> 18 | T88: =SUM(T9,T17,T20,T39,T54,T60,T75,T86) -> 42 | U88: =SUM(U9,U17,U20,U39,U54,U60,U75,U86) -> 58

Sheet M288
H1: Focus Area | J1: Reduce Damage | S1: All yellow marked columns to be filled out
A2: IT Security Initiative | J2: M288 | K2: #REF! | R2: Please fill in your monthly split of planned KPI target values (accumulated plan). Please leave a comment: In which CW will you report your first progress?
A3: =Overview!A3 -> Progress KPI Reporting 2021 | J3: ='Plan view'!E20 -> # of reached milestones
J4: =J8 -> 4 | K4: =K8 -> 1 | M4: =M8 -> 1 | N4: =N8 -> 1 | O4: =O8 -> 0 | P4: =P8 -> 0 | R4: =R8 -> 1 | S4: =S8 -> 1 | T4: =T8 -> 2 | U4: =U8 -> 4
J5: Target 31.12.21 | K5: Actuals 24.09.21 | M5: Actuals 17.09.21 | N5: Actuals 10.09.21 | O5: Actuals 03.09.21 | P5: Baseline 01.07.21 | R5: Plan 09/2021 | S5: Plan 10/2021 | T5: Plan 11/2021 | U5: Plan 12/2021 | W5: Comments
A6: .
J8: ='Plan view'!$H20 -> 4 | K8: 1 | M8: 1 | N8: 1 | O8: 0 | P8: ='Plan view'!$F20 -> 0 | R8: 1 | S8: 1 | T8: 2 | U8: 4 | W8: - Preparation of the pilot in Unterföhring including AMC, printer (start onbording workshops for each end point class) - prepare the discussion with Ireland in parallel. Which device classes are in use and how are they integrated into NAC - Setting up a Sup-PKI for NAC only
W9: - Preparation of the pilot in Unterföhring including AMC, printer (start onbording workshops for each end point class) - prepare the discussion with Ireland in parallel. Which device classes are in use and how are they integrated into NAC - Setting up a Sup-PKI for NAC only
W10: - Preparation of the pilot in Unterföhring including AMC, printer (start onbording workshops for each end point class) - prepare the discussion with Ireland in parallel. Which device classes are in use and how are they integrated into NAC - Setting up a Sup-PKI for NAC only
W11: - Preparation of the pilot in Unterföhring including AMC, printer (start onbording workshops for each end point class) - prepare the discussion with Ireland in parallel. Which device classes are in use and how are they integrated into NAC - Setting up a Sup-PKI for NAC only
W12: - Preparation of the pilot in Unterföhring including AMC, printer (start onbording workshops for each end point class) - prepare the discussion with Ireland in parallel. Which device classes are in use and how are they integrated into NAC - Setting up a Sup-PKI for NAC only
W13: - Preparation of the pilot in Unterföhring including AMC, printer (start onbording workshops for each end point class) - prepare the discussion with Ireland in parallel. Which device classes are in use and how are they integrated into NAC - Setting up a Sup-PKI for NAC only
W14: - Preparation of the pilot in Unterföhring including AMC, printer (start onbording workshops for each end point class) - prepare the discussion with Ireland in parallel. Which device classes are in use and how are they integrated into NAC - Setting up a Sup-PKI for NAC only
W15: - Preparation of the pilot in Unterföhring including AMC, printer (start onbording workshops for each end point class) - prepare the discussion with Ireland in parallel. Which device classes are in use and how are they integrated into NAC - Setting up a Sup-PKI for NAC only
W16: - Preparation of the pilot in Unterföhring including AMC, printer (start onbording workshops for each end point class) - prepare the discussion with Ireland in parallel. Which device classes are in use and how are they integrated into NAC - Setting up a Sup-PKI for NAC only
W17: - Preparation of the pilot in Unterföhring including AMC, printer (start onbording workshops for each end point class) - prepare the discussion with Ireland in parallel. Which device classes are in use and how are they integrated into NAC - Setting up a Sup-PKI for NAC only
W18: - Preparation of the pilot in Unterföhring including AMC, printer (start onbording workshops for each end point class) - prepare the discussion with Ireland in parallel. Which device classes are in use and how are they integrated into NAC - Setting up a Sup-PKI for NAC only
W19: - Preparation of the pilot in Unterföhring including AMC, printer (start onbording workshops for each end point class) - prepare the discussion with Ireland in parallel. Which device classes are in use and how are they integrated into NAC - Setting up a Sup-PKI for NAC only

Sheet M289
H1: Focus Area | J1: Reduce Damage | S1: All yellow marked columns to be filled out
A2: IT Security Initiative | J2: M289 | K2: #REF! | R2: Please fill in your monthly split of planned KPI target values (accumulated plan). Please leave a comment: In which CW will you report your first progress?
A3: =Overview!A3 -> Progress KPI Reporting 2021 | J3: ='Plan view'!E21 -> # of users rolled-out to password manager service
J4: =J8 -> 1000 | K4: =K8 -> 0 | M4: =M8 -> 0 | N4: =N8 -> 0 | O4: =O8 -> 0 | P4: =P8 -> 0 | R4: =R8 -> 0 | S4: =S8 -> 0 | T4: =T8 -> 0 | U4: =U8 -> 1000
J5: Target 31.12.21 | K5: Actuals 24.09.21 | M5: Actuals 17.09.21 | N5: Actuals 10.09.21 | O5: Actuals 03.09.21 | P5: Baseline 01.07.21 | R5: Plan 09/2021 | S5: Plan 10/2021 | T5: Plan 11/2021 | U5: Plan 12/2021 | W5: Comments
A6: .
J8: ='Plan view'!$H21 -> 1000 | K8: 0 | M8: 0 | N8: 0 | O8: 0 | P8: ='Plan view'!$F21 -> 0 | R8: 0 | S8: 0 | T8: 0 | U8: 1000 | W8: We plan to rollout the password manager service to 1k users after our running PoC, the vendor decision, the contracting and the service creation. First rollout is planned for CW48.
W9: We plan to rollout the password manager service to 1k users after our running PoC, the vendor decision, the contracting and the service creation. First rollout is planned for CW48.
W10: We plan to rollout the password manager service to 1k users after our running PoC, the vendor decision, the contracting and the service creation. First rollout is planned for CW48.
W11: We plan to rollout the password manager service to 1k users after our running PoC, the vendor decision, the contracting and the service creation. First rollout is planned for CW48.
W12: We plan to rollout the password manager service to 1k users after our running PoC, the vendor decision, the contracting and the service creation. First rollout is planned for CW48.
W13: We plan to rollout the password manager service to 1k users after our running PoC, the vendor decision, the contracting and the service creation. First rollout is planned for CW48.
W14: We plan to rollout the password manager service to 1k users after our running PoC, the vendor decision, the contracting and the service creation. First rollout is planned for CW48.
W15: We plan to rollout the password manager service to 1k users after our running PoC, the vendor decision, the contracting and the service creation. First rollout is planned for CW48.
W16: We plan to rollout the password manager service to 1k users after our running PoC, the vendor decision, the contracting and the service creation. First rollout is planned for CW48.
W17: We plan to rollout the password manager service to 1k users after our running PoC, the vendor decision, the contracting and the service creation. First rollout is planned for CW48.
W18: We plan to rollout the password manager service to 1k users after our running PoC, the vendor decision, the contracting and the service creation. First rollout is planned for CW48.
W19: We plan to rollout the password manager service to 1k users after our running PoC, the vendor decision, the contracting and the service creation. First rollout is planned for CW48.

Sheet M290
H1: Focus Area | J1: Reduce Damage | S1: All yellow marked columns to be filled out
A2: IT Security Initiative | J2: M290 | K2: #REF! | R2: Please fill in your monthly split of planned KPI target values (accumulated plan). Please leave a comment: In which CW will you report your first progress?
A3: =Overview!A3 -> Progress KPI Reporting 2021 | J3: ='Plan view'!E22 -> # of Service design documents for future CAD service developed
J4: =J8 -> 6 | K4: =K8 -> 4 | M4: =M8 -> 4 | N4: =N8 -> 2 | O4: =O8 -> 1 | P4: =P8 -> 0 | R4: =R8 -> 6 | S4: =S8 -> 6 | T4: =T8 -> 6 | U4: =U8 -> 6
J5: Target 31.12.21 | K5: Actuals 24.09.21 | M5: Actuals 17.09.21 | N5: Actuals 10.09.21 | O5: Actuals 03.09.21 | P5: Baseline 01.07.21 | R5: Plan 09/2021 | S5: Plan 10/2021 | T5: Plan 11/2021 | U5: Plan 12/2021 | W5: Comments
A6: .
J8: ='Plan view'!$H22 -> 6 | K8: 4 | M8: 4 | N8: 2 | O8: 1 | P8: ='Plan view'!$F22 -> 0 | R8: 6 | S8: 6 | T8: 6 | U8: 6 | W8: Deliverables 'Requirements' and 'Interims Solution Design' complete. Remaining deliverables expected in CW38
W9: Deliverables 'Requirements' and 'Interims Solution Design' complete. Remaining deliverables expected in CW38
W10: Deliverables 'Requirements' and 'Interims Solution Design' complete. Remaining deliverables expected in CW38
W11: Deliverables 'Requirements' and 'Interims Solution Design' complete. Remaining deliverables expected in CW38
W12: Deliverables 'Requirements' and 'Interims Solution Design' complete. Remaining deliverables expected in CW38
W13: Deliverables 'Requirements' and 'Interims Solution Design' complete. Remaining deliverables expected in CW38
W14: Deliverables 'Requirements' and 'Interims Solution Design' complete. Remaining deliverables expected in CW38
W15: Deliverables 'Requirements' and 'Interims Solution Design' complete. Remaining deliverables expected in CW38
W16: Deliverables 'Requirements' and 'Interims Solution Design' complete. Remaining deliverables expected in CW38
W17: Deliverables 'Requirements' and 'Interims Solution Design' complete. Remaining deliverables expected in CW38
W18: Deliverables 'Requirements' and 'Interims Solution Design' complete. Remaining deliverables expected in CW38
W19: Deliverables 'Requirements' and 'Interims Solution Design' complete. Remaining deliverables expected in CW38

Sheet M291
H1: Focus Area | J1: Reduce Damage | S1: All yellow marked columns to be filled out
A2: IT Security Initiative | J2: M291 | K2: #REF! | R2: Please fill in your monthly split of planned KPI target values (accumulated plan). Please leave a comment: In which CW will you report your first progress?
A3: =Overview!A3 -> Progress KPI Reporting 2021 | J3: ='Plan view'!E23 -> # of validate possible integrations
J4: =J8 -> 4 | K4: =K8 -> 0 | M4: =M8 -> 0 | N4: =N8 -> 0 | O4: =O8 -> 0 | P4: =P8 -> 0 | R4: =R8 -> 0 | S4: =S8 -> 0 | T4: =T8 -> 2 | U4: =U8 -> 4
J5: Target 31.12.21 | K5: Actuals 24.09.21 | M5: Actuals 17.09.21 | N5: Actuals 10.09.21 | O5: Actuals 03.09.21 | P5: Baseline 01.07.21 | R5: Plan 09/2021 | S5: Plan 10/2021 | T5: Plan 11/2021 | U5: Plan 12/2021 | W5: Comments
A6: .
J8: ='Plan view'!$H23 -> 4 | K8: 0 | M8: 0 | N8: 0 | O8: 0 | P8: ='Plan view'!$F23 -> 0 | R8: 0 | S8: 0 | T8: 2 | U8: 4 | W8: First progress will be reported in CW 48.
W9: First progress will be reported in CW 48.
W10: First progress will be reported in CW 48.
W11: First progress will be reported in CW 48.
W12: First progress will be reported in CW 48.
W13: First progress will be reported in CW 48.
W14: First progress will be reported in CW 48.
W15: First progress will be reported in CW 48.
W16: First progress will be reported in CW 48.
W17: First progress will be reported in CW 48.
W18: First progress will be reported in CW 48.
W19: First progress will be reported in CW 48.

Sheet M301_a
H1: Focus Area | J1: Reduce Damage | S1: All yellow marked columns to be filled out
A2: IT Security Initiative | J2: M301_a | K2: #REF! | R2: Please fill in your monthly split of planned KPI target values (accumulated plan). Please leave a comment: In which CW will you report your first progress?
A3: =Overview!A3 -> Progress KPI Reporting 2021 | J3: ='Plan view'!E24 -> # of Global Tier 0 Hosting Platform Design and APAC Pilot
J4: =J8 -> 8 | K4: =K8 -> 0 | M4: =M8 -> 0 | N4: =N8 -> 0 | O4: =O8 -> 0 | P4: =P8 -> 0 | R4: =R8 -> 0 | S4: =S8 -> 0 | T4: =T8 -> 4 | U4: =U8 -> 8
J5: Target 31.12.21 | K5: Actuals 24.09.21 | M5: Actuals 17.09.21 | N5: Actuals 10.09.21 | O5: Actuals 03.09.21 | P5: Baseline 01.07.21 | R5: Plan 09/2021 | S5: Plan 10/2021 | T5: Plan 11/2021 | U5: Plan 12/2021 | W5: Comments
A6: .
J8: ='Plan view'!$H24 -> 8 | K8: 0 | M8: 0 | N8: 0 | O8: 0 | P8: ='Plan view'!$F24 -> 0 | R8: 0 | S8: 0 | T8: 4 | U8: 8 | W8: 8 Global Service AD (ADTRootdom.net & Rootdom.net) Domain Controllers extended to Tier 0 Hosting Platform in APAC;
W9: 8 Global Service AD (ADTRootdom.net & Rootdom.net) Domain Controllers extended to Tier 0 Hosting Platform in APAC;
W10: 8 Global Service AD (ADTRootdom.net & Rootdom.net) Domain Controllers extended to Tier 0 Hosting Platform in APAC;
W11: 8 Global Service AD (ADTRootdom.net & Rootdom.net) Domain Controllers extended to Tier 0 Hosting Platform in APAC;
W12: 8 Global Service AD (ADTRootdom.net & Rootdom.net) Domain Controllers extended to Tier 0 Hosting Platform in APAC;
W13: 8 Global Service AD (ADTRootdom.net & Rootdom.net) Domain Controllers extended to Tier 0 Hosting Platform in APAC;
W14: 8 Global Service AD (ADTRootdom.net & Rootdom.net) Domain Controllers extended to Tier 0 Hosting Platform in APAC;
W15: 8 Global Service AD (ADTRootdom.net & Rootdom.net) Domain Controllers extended to Tier 0 Hosting Platform in APAC;
W16: 8 Global Service AD (ADTRootdom.net & Rootdom.net) Domain Controllers extended to Tier 0 Hosting Platform in APAC;
W17: 8 Global Service AD (ADTRootdom.net & Rootdom.net) Domain Controllers extended to Tier 0 Hosting Platform in APAC;
W18: 8 Global Service AD (ADTRootdom.net & Rootdom.net) Domain Controllers extended to Tier 0 Hosting Platform in APAC;
W19: 8 Global Service AD (ADTRootdom.net & Rootdom.net) Domain Controllers extended to Tier 0 Hosting Platform in APAC;

Sheet M301_b
H1: Focus Area | J1: Reduce Damage | S1: All yellow marked columns to be filled out
A2: IT Security Initiative | J2: M301_b | K2: #REF! | R2: Please fill in your monthly split of planned KPI target values (accumulated plan). Please leave a comment: In which CW will you report your first progress?
A3: =Overview!A3 -> Progress KPI Reporting 2021 | J3: ='Plan view'!E25 -> # of Local APAC units of Allianz Partners: Domain Controllers onboarded to Tier 0 Hosting Platform
J4: =J8 -> 4 | K4: =K8 -> 0 | M4: =M8 -> 0 | N4: =N8 -> 0 | O4: =O8 -> 0 | P4: =P8 -> 0 | R4: =R8 -> 0 | S4: =S8 -> 0 | T4: =T8 -> 2 | U4: =U8 -> 4
J5: Target 31.12.21 | K5: Actuals 24.09.21 | M5: Actuals 17.09.21 | N5: Actuals 10.09.21 | O5: Actuals 03.09.21 | P5: Baseline 01.07.21 | R5: Plan 09/2021 | S5: Plan 10/2021 | T5: Plan 11/2021 | U5: Plan 12/2021 | W5: Comments
A6: .
J8: ='Plan view'!$H25 -> 4 | K8: 0 | M8: 0 | N8: 0 | O8: 0 | P8: ='Plan view'!$F25 -> 0 | R8: 0 | S8: 0 | T8: 2 | U8: 4

Sheet M292
H1: Focus Area | J1: Streamline compliance | S1: All yellow marked columns to be filled out
A2: IT Security Initiative | J2: M292 | K2: #REF! | R2: Please fill in your monthly split of planned KPI target values (accumulated plan). Please leave a comment: In which CW will you report your first progress?
A3: =Overview!A3 -> Progress KPI Reporting 2021 | J3: ='Plan view'!E26 -> # of reached artefacts
J4: =J8 -> 5 | K4: =K8 -> 0 | M4: =M8 -> 0 | N4: =N8 -> 0 | O4: =O8 -> 0 | P4: =P8 -> 0 | R4: =R8 -> 0 | S4: =S8 -> 1 | T4: =T8 -> 3 | U4: =U8 -> 5
J5: Target 31.12.21 | K5: Actuals 24.09.21 | M5: Actuals 17.09.21 | N5: Actuals 10.09.21 | O5: Actuals 03.09.21 | P5: Baseline 01.07.21 | R5: Plan 09/2021 | S5: Plan 10/2021 | T5: Plan 11/2021 | U5: Plan 12/2021 | W5: Comments
A6: .
J8: ='Plan view'!$H26 -> 5 | K8: 0 | M8: 0 | N8: 0 | O8: 0 | P8: ='Plan view'!$F26 -> 0 | R8: 0 | S8: 1 | T8: 3 | U8: 5 | W8: CW 39 first artefact delivery
W9: CW 39 first artefact delivery
W10: CW 39 first artefact delivery
W11: CW 39 first artefact delivery
W12: CW 39 first artefact delivery
W13: CW 39 first artefact delivery
W14: CW 39 first artefact delivery
W15: CW 39 first artefact delivery
W16: CW 39 first artefact delivery
W17: CW 39 first artefact delivery
W18: CW 39 first artefact delivery
W19: CW 39 first artefact delivery

Sheet M293
H1: Focus Area | J1: Streamline compliance | S1: All yellow marked columns to be filled out
A2: IT Security Initiative | J2: M293 | K2: #REF! | R2: Please fill in your monthly split of planned KPI target values (accumulated plan). Please leave a comment: In which CW will you report your first progress?
A3: =Overview!A3 -> Progress KPI Reporting 2021 | J3: ='Plan view'!E27 -> # of Toxic Asset Dashboard including client IT asset data (e.g. AVC, AMC, fat client, smart mobile de-vices) for minimum of 25 OEs
J4: ='Plan view'!$H27 -> 25 | K4: =K88 -> 0 | M4: =M88 -> 0 | N4: =N88 -> 0 | O4: =O88 -> 0 | P4: =P88 -> 0 | R4: =R88 -> 0 | S4: 0 | T4: 0 | U4: =U88 -> 73
A5: Board Members | B5: H Ressort | C5: ITC Mapping | E5: Group Iso Function | F5: OEs ID | G5: CIM ID | H5: OE | J5: Target 31.12.21 | K5: Actuals 24.09.21 | M5: Actuals 17.09.21 | N5: Actuals 10.09.21 | O5: Actuals 03.09.21 | P5: Baseline 01.07.21 | R5: Plan 09/2021 | S5: Plan 10/2021 | T5: Plan 11/2021 | U5: Plan 12/2021 | W5: Comments
A6: .
A7: Bäte | B7: H1 CEO | C7: 1 | D7: Allianz SE, Allianz Europe | E7: Shared Services | F7: 1 | G7: AZSE | H7: Allianz SE | J7: 1 | K7: 0 | M7: 0 | N7: 0 | O7: 0 | P7: 0 | R7: 0 | S7: 0 | T7: 0 | U7: 1
C8: 2 | D8: TBD | E8: Asset & Overseas | F8: 2 | G8: AU | H8: Allianz Australia P&C | J8: 1 | K8: 0 | M8: 0 | N8: 0 | O8: 0 | P8: 0 | R8: 0 | S8: 0 | T8: 0 | U8: 49
A9: . | F9: ∑ | G9: ∑ | H9: 2 | J9: =SUM(J7:J8) -> 2 | K9: =SUM(K7:K8) -> 0 | M9: =SUM(M7:M8) -> 0 | N9: =SUM(N7:N8) -> 0 | O9: =SUM(O7:O8) -> 0 | P9: =SUM(P7:P8) -> 0 | R9: =SUM(R7:R8) -> 0 | S9: =SUM(S7:S8) -> 0 | T9: =SUM(T7:T8) -> 0 | U9: =SUM(U7:U8) -> 50
A10: .
A11: Thallinger | B11: H3 Investments Management | C11: 2 | D11: Allianz Investment | E11: Shared Services | F11: 3 | G11: ADEUS | H11: ADEUS Aktienregister-Service-GmbH | J11: 0 | K11: 0 | M11: 0 | N11: 0 | O11: 0 | P11: 0 | R11: 0 | S11: 0 | T11: 0 | U11: 0
E12: Europe 3 | F12: 4 | G12: AGL | H12: Allianz Global Life | J12: 1 | K12: 0 | M12: 0 | N12: 0 | O12: 0 | P12: 0 | R12: 0 | S12: 0 | T12: 0 | U12: 1
E13: Shared Services | F13: 5 | G13: AIM | H13: Allianz Investment Management (AIM) | J13: 1 | K13: 0 | M13: 0 | N13: 0 | O13: 0 | P13: 0 | R13: 0 | S13: 0 | T13: 0 | U13: 1
E14: Shared Services | F14: 6 | G14: ARE | H14: Allianz Real Estate (ARE) | J14: 1 | K14: 0 | M14: 0 | N14: 0 | O14: 0 | P14: 0 | R14: 0 | S14: 0 | T14: 0 | U14: 1
E15: TBD | F15: 7 | G15: AUL | H15: Allianz Australia Life | J15: 1 | K15: 0 | M15: 0 | N15: 0 | O15: 0 | P15: 0 | R15: 0 | S15: 0 | T15: 0 | U15: 1
E16: Shared Services | F16: 8 | G16: IDS | H16: Investment Data Services (IDS) | J16: 1 | K16: 0 | M16: 0 | N16: 0 | O16: 0 | P16: 0 | R16: 0 | S16: 0 | T16: 0 | U16: 1
A17: . | F17: ∑ | G17: ∑ | H17: 6 | J17: =SUM(J11:J16) -> 5 | K17: =SUM(K11:K16) -> 0 | M17: =SUM(M11:M16) -> 0 | N17: =SUM(N11:N16) -> 0 | O17: =SUM(O11:O16) -> 0 | P17: =SUM(P11:P16) -> 0 | R17: =SUM(R11:R16) -> 0 | S17: =SUM(S11:S16) -> 0 | T17: =SUM(T11:T16) -> 0 | U17: =SUM(U11:U16) -> 5
A18: .
A19: Mascher | B19: H4 Operations | C19: 3 | D19: Allianz Technology | E19: AZ Technology | F19: 9 | G19: AMOS | H19: Allianz Technology | J19: 0 | K19: 0 | M19: 0 | N19: 0 | O19: 0 | P19: 0 | R19: 0 | S19: 0 | T19: 0 | U19: 0
A20: . | F20: ∑ | G20: ∑ | H20: 1 | J20: =SUM(J19) -> 0 | K20: =SUM(K19) -> 0 | M20: =SUM(M19) -> 0 | N20: =SUM(N19) -> 0 | O20: =SUM(O19) -> 0 | P20: =SUM(P19) -> 0 | R20: =SUM(R19) -> 0 | S20: =SUM(S19) -> 0 | T20: =SUM(T19) -> 0 | U20: =SUM(U19) -> 0
A21: .
A22: Balbinot | B22: H5 Insurance Western & Southern Europe, AZAP | C22: 4 | D22: AZAP | E22: AZAP | F22: 10 | G22: CNPC | H22: Allianz China - P&C | J22: 1 | K22: 0 | M22: 0 | N22: 0 | O22: 0 | P22: 0 | R22: 0 | S22: 0 | T22: 0 | U22: 1
B23: H2 Finance, Controlling, Risk | E23: AZAP | F23: 11 | G23: CNH | H23: Allianz China - Holding | J23: 1 | K23: 0 | M23: 0 | N23: 0 | O23: 0 | P23: 0 | R23: 0 | S23: 0 | T23: 0 | U23: 1
B24: H2 Finance, Controlling, Risk | E24: AZAP | F24: 12 | G24: ID | H24: Allianz Indonesia | J24: 1 | K24: 0 | M24: 0 | N24: 0 | O24: 0 | P24: 0 | R24: 0 | S24: 0 | T24: 0 | U24: 1
B25: H2 Finance, Controlling, Risk | E25: AZAP | F25: 13 | G25: LAPC | H25: Allianz Laos | J25: 1 | K25: 0 | M25: 0 | N25: 0 | O25: 0 | P25: 0 | R25: 0 | S25: 0 | T25: 0 | U25: 1
B26: H2 Finance, Controlling, Risk | E26: AZAP | F26: 14 | G26: MY | H26: Allianz Malaysia | J26: 1 | K26: 0 | M26: 0 | N26: 0 | O26: 0 | P26: 0 | R26: 0 | S26: 0 | T26: 0 | U26: 1
B27: H2 Finance, Controlling, Risk | E27: AZAP | F27: 15 | G27: PH | H27: Allianz Philippine - L&H | J27: 1 | K27: 0 | M27: 0 | N27: 0 | O27: 0 | P27: 0 | R27: 0 | S27: 0 | T27: 0 | U27: 1
B28: H2 Finance, Controlling, Risk | E28: AZAP | F28: 16 | G28: LK | H28: Allianz Sri Lanka | J28: 1 | K28: 0 | M28: 0 | N28: 0 | O28: 0 | P28: 0 | R28: 0 | S28: 0 | T28: 0 | U28: 1
B29: H2 Finance, Controlling, Risk | E29: AZAP | F29: 17 | G29: AS | H29: Allianz Singapore | J29: 1 | K29: 0 | M29: 0 | N29: 0 | O29: 0 | P29: 0 | R29: 0 | S29: 0 | T29: 0 | U29: 1
B30: H2 Finance, Controlling, Risk | E30: AZAP | F30: 18 | G30: TWL | H30: Allianz Taiwan - Life | J30: 1 | K30: 0 | M30: 0 | N30: 0 | O30: 0 | P30: 0 | R30: 0 | S30: 0 | T30: 0 | U30: 1
B31: H2 Finance, Controlling, Risk | E31: AZAP | F31: 19 | G31: TH | H31: Allianz Thailand | J31: 1 | K31: 0 | M31: 0 | N31: 0 | O31: 0 | P31: 0 | R31: 0 | S31: 0 | T31: 0 | U31: 1
B32: H2 Finance, Controlling, Risk | E32: AZAP | F32: 20 | G32: FIN | H32: FinOS - Holding | J32: 1 | K32: 0 | M32: 0 | N32: 0 | O32: 0 | P32: 0 | R32: 0 | S32: 0 | T32: 0 | U32: 1
B33: H2 Finance, Controlling, Risk | F33: ∑ | G33: ∑ | H33: 11 | J33: =SUM(J22:J32) -> 11 | K33: =SUM(K22:K32) -> 0 | M33: =SUM(M22:M32) -> 0 | N33: =SUM(N22:N32) -> 0 | O33: =SUM(O22:O32) -> 0 | P33: =SUM(P22:P32) -> 0 | R33: 0 | S33: =SUM(S22:S32) -> 0 | T33: =SUM(T22:T32) -> 0 | U33: =SUM(U22:U32) -> 11
B34: H2 Finance, Controlling, Risk | C34: 5 | D34: Allianz Benelux | E34: Europe 2 | F34: 21 | G34: BLX | H34: Allianz Benelux | J34: 0 | K34: 0 | M34: 0 | N34: 0 | O34: 0 | P34: 0 | R34: 0 | S34: 0 | T34: 0 | U34: 0
B35: H2 Finance, Controlling, Risk | C35: 6 | D35: Allianz France | E35: Europe 2 | F35: 22 | G35: FR | H35: Allianz France | J35: 0 | K35: 0 | M35: 0 | N35: 0 | O35: 0 | P35: 0 | R35: 0 | S35: 0 | T35: 0 | U35: 0
B36: H2 Finance, Controlling, Risk | C36: 7 | D36: Allianz Greece | E36: Europe 3 | F36: 23 | G36: GR | H36: Allianz Greece | J36: 0 | K36: 0 | M36: 0 | N36: 0 | O36: 0 | P36: 0 | R36: 0 | S36: 0 | T36: 0 | U36: 0
B37: H2 Finance, Controlling, Risk | C37: 8 | D37: Allianz Italy | E37: Europe 3 | F37: 24 | G37: IT | H37: Allianz Italy | J37: 0 | K37: 0 | M37: 0 | N37: 0 | O37: 0 | P37: 0 | R37: 0 | S37: 0 | T37: 0 | U37: 0
B38: H2 Finance, Controlling, Risk | C38: 9 | D38: Allianz Turkey | E38: Europe 3 | F38: 25 | G38: TR | H38: Allianz Turkey | J38: 0 | K38: 0 | M38: 0 | N38: 0 | O38: 0 | P38: 0 | R38: 0 | S38: 0 | T38: 0 | U38: 0
A39: . | F39: ∑ | G39: ∑ | H39: 16 | J39: =SUM(J33:J38) -> 11 | K39: =SUM(K33:K38) -> 0 | M39: =SUM(M33:M38) -> 0 | N39: =SUM(N33:N38) -> 0 | O39: =SUM(O33:O38) -> 0 | P39: =SUM(P33:P38) -> 0 | R39: =SUM(R33:R38) -> 0 | S39: =SUM(S33:S38) -> 0 | T39: =SUM(T33:T38) -> 0 | U39: =SUM(U33:U38) -> 11
A40: .
A41: Theis | B41: H7 Insurance German Speaking Countries & CEE | C41: 10 | D41: Allianz Germany | E41: Europe 1 | F41: 26 | G41: AZD | H41: Allianz Germany | J41: 0 | K41: 0 | M41: 0 | N41: 0 | O41: 0 | P41: 0 | R41: 0 | S41: 0 | T41: 0 | U41: 0
B42: H2 Finance, Controlling, Risk | C42: 11 | D42: CEE | E42: CEE | F42: 27 | G42: AT | H42: Allianz Austria (Elementar) | J42: 0 | K42: 0 | M42: 0 | N42: 0 | O42: 0 | P42: 0 | R42: 0 | S42: 0 | T42: 0 | U42: 0
B43: H2 Finance, Controlling, Risk | E43: CEE | F43: 28 | G43: BG | H43: Allianz Bulgaria | J43: 0 | K43: 0 | M43: 0 | N43: 0 | O43: 0 | P43: 0 | R43: 0 | S43: 0 | T43: 0 | U43: 0
B44: H2 Finance, Controlling, Risk | E44: CEE | F44: 29 | G44: CZ | H44: Allianz Czechia | J44: 0 | K44: 0 | M44: 0 | N44: 0 | O44: 0 | P44: 0 | R44: 0 | S44: 0 | T44: 0 | U44: 0
B45: H2 Finance, Controlling, Risk | E45: CEE | F45: 30 | G45: HU | H45: Allianz Hungary | J45: 0 | K45: 0 | M45: 0 | N45: 0 | O45: 0 | P45: 0 | R45: 0 | S45: 0 | T45: 0 | U45: 0
B46: H2 Finance, Controlling, Risk | E46: CEE | F46: 31 | G46: HR | H46: Allianz Croatia (Zagreb) | J46: 0 | K46: 0 | M46: 0 | N46: 0 | O46: 0 | P46: 0 | R46: 0 | S46: 0 | T46: 0 | U46: 0
B47: H2 Finance, Controlling, Risk | E47: CEE | F47: 32 | G47: PL | H47: Allianz Poland | J47: 0 | K47: 0 | M47: 0 | N47: 0 | O47: 0 | P47: 0 | R47: 0 | S47: 0 | T47: 0 | U47: 0
B48: H2 Finance, Controlling, Risk | E48: CEE | F48: 33 | G48: RO | H48: Allianz Romania (Tiriac) | J48: 0 | K48: 0 | M48: 0 | N48: 0 | O48: 0 | P48: 0 | R48: 0 | S48: 0 | T48: 0 | U48: 0
B49: H2 Finance, Controlling, Risk | E49: CEE | F49: 34 | G49: RU | H49: Allianz Russia | J49: 0 | K49: 0 | M49: 0 | N49: 0 | O49: 0 | P49: 0 | R49: 0 | S49: 0 | T49: 0 | U49: 0
B50: H2 Finance, Controlling, Risk | E50: CEE | F50: 35 | G50: SK | H50: Allianz Slovakia | J50: 0 | K50: 0 | M50: 0 | N50: 0 | O50: 0 | P50: 0 | R50: 0 | S50: 0 | T50: 0 | U50: 0
B51: H2 Finance, Controlling, Risk | E51: CEE | F51: 36 | G51: UKR | H51: Allianz Ukraine | J51: 0 | K51: 0 | M51: 0 | N51: 0 | O51: 0 | P51: 0 | R51: 0 | S51: 0 | T51: 0 | U51: 0
B52: H2 Finance, Controlling, Risk | F52: ∑ | G52: ∑ | H52: 11 | J52: =SUM(J41:J51) -> 0 | K52: =SUM(K41:K51) -> 0 | M52: =SUM(M41:M51) -> 0 | N52: =SUM(N41:N51) -> 0 | O52: =SUM(O41:O51) -> 0 | P52: =SUM(P41:P51) -> 0 | R52: =SUM(R41:R51) -> 0 | S52: =SUM(S41:S51) -> 0 | T52: =SUM(T41:T51) -> 0 | U52: =SUM(U41:U51) -> 0
B53: H2 Finance, Controlling, Risk | C53: 12 | D53: Allianz Suisse | E53: Europe 1 | F53: 37 | G53: CH | H53: Allianz Switzerland | J53: 0 | K53: 0 | M53: 0 | N53: 0 | O53: 0 | P53: 0 | R53: 0 | S53: 0 | T53: 0 | U53: 0
A54: . | F54: ∑ | G54: ∑ | H54: 12 | J54: =SUM(J52:J53) -> 0 | K54: =SUM(K52:K53) -> 0 | M54: =SUM(M52:M53) -> 0 | N54: =SUM(N52:N53) -> 0 | O54: =SUM(O52:O53) -> 0 | P54: =SUM(P52:P53) -> 0 | R54: =SUM(R52:R53) -> 0 | S54: =SUM(S52:S53) -> 0 | T54: =SUM(T52:T53) -> 0 | U54: =SUM(U52:U53) -> 0
A55: . | J55: 0 | K55: 0 | M55: 0 | N55: 0 | O55: 0 | R55: 0 | S55: 0 | T55: 0 | U55: 0
A56: Hunt | B56: H8 Asset Management, USA Life Insurance | C56: 13 | D56: Allianz Asset Management Holding (AAM) | E56: Asset & Overseas | F56: 38 | G56: AAM | H56: Allianz Asset Management Holding (AAM) | J56: 0 | K56: 0 | M56: 0 | N56: 0 | O56: 0 | P56: 0 | R56: 0 | S56: 0 | T56: 0 | U56: 0
B57: H2 Finance, Controlling, Risk | C57: 15 | D57: Allianz Global Investors (AGI) | E57: Asset & Overseas | F57: 39 | G57: AGI | H57: Allianz Global Investors (AGI) | J57: 0 | K57: 0 | M57: 0 | N57: 0 | O57: 0 | P57: 0 | R57: 0 | S57: 0 | T57: 0 | U57: 0
B58: H2 Finance, Controlling, Risk | C58: 16 | D58: Pacific Invest.Manag. Comp.(PIMCO) | E58: Asset & Overseas | F58: 40 | G58: PIMCO | H58: Pacific Investement Management Company (PIMCO) | J58: 0 | K58: 0 | M58: 0 | N58: 0 | O58: 0 | P58: 0 | R58: 0 | S58: 0 | T58: 0 | U58: 0
B59: H2 Finance, Controlling, Risk | C59: 17 | D59: Allianz Life | E59: Asset & Overseas | F59: 41 | G59: USL | H59: Allianz Life US | J59: 0 | K59: 0 | M59: 0 | N59: 0 | O59: 0 | P59: 0 | R59: 0 | S59: 0 | T59: 0 | U59: 0
A60: . | F60: ∑ | G60: ∑ | H60: 4 | J60: =SUM(J56:J59) -> 0 | K60: =SUM(K56:K59) -> 0 | M60: =SUM(M56:M59) -> 0 | N60: =SUM(N56:N59) -> 0 | O60: =SUM(O56:O59) -> 0 | P60: =SUM(P56:P59) -> 0 | R60: =SUM(R56:R59) -> 0 | S60: =SUM(S56:S59) -> 0 | T60: =SUM(T56:T59) -> 0 | U60: =SUM(U56:U59) -> 0
A61: .
A62: Peiris | B62: H9 Global Lines & Anglo Markets, MENA, Africa | C62: 18 | D62: Allianz Africa | E62: AZ Africa | F62: 42 | G62: AFR | H62: Allianz Africa | J62: 0 | K62: 0 | M62: 0 | N62: 0 | O62: 0 | P62: 0 | R62: 0 | S62: 0 | T62: 0 | U62: 0
E63: AZ Africa | F63: 43 | G63: MA | H63: Allianz Morocco | J63: 0 | K63: 0 | M63: 0 | N63: 0 | O63: 0 | P63: 0 | R63: 0 | S63: 0 | T63: 0 | U63: 0
F64: ∑ | G64: ∑ | H64: 2 | J64: =SUM(J62:J63) -> 0 | K64: =SUM(K62:K63) -> 0 | M64: =SUM(M62:M63) -> 0 | N64: =SUM(N62:N63) -> 0 | O64: =SUM(O62:O63) -> 0 | P64: =SUM(P62:P63) -> 0 | R64: =SUM(R62:R63) -> 0 | S64: =SUM(S62:S63) -> 0 | T64: =SUM(T62:T63) -> 0 | U64: =SUM(U62:U63) -> 0
C65: 19 | D65: MENA | E65: MENA | F65: 44 | G65: EGLH | H65: Allianz Egypt L&H | J65: 0 | K65: 0 | M65: 0 | N65: 0 | O65: 0 | P65: 0 | R65: 0 | S65: 0 | T65: 0 | U65: 0
E66: MENA | F66: 45 | G66: EGPC | H66: Allianz Egypt P&C | J66: 0 | K66: 0 | M66: 0 | N66: 0 | O66: 0 | P66: 0 | R66: 0 | S66: 0 | T66: 0 | U66: 0
E67: MENA | F67: 46 | G67: LB | H67: Allianz Lebanon | J67: 0 | K67: 0 | M67: 0 | N67: 0 | O67: 0 | P67: 0 | R67: 0 | S67: 0 | T67: 0 | U67: 0
E68: MENA | F68: 47 | G68: SA | H68: Allianz Saudi Arabia | J68: 0 | K68: 0 | M68: 0 | N68: 0 | O68: 0 | P68: 0 | R68: 0 | S68: 0 | T68: 0 | U68: 0
F69: ∑ | G69: ∑ | H69: 4 | J69: =SUM(J65:J68) -> 0 | K69: =SUM(K65:K68) -> 0 | M69: =SUM(M65:M68) -> 0 | N69: =SUM(N65:N68) -> 0 | O69: =SUM(O65:O68) -> 0 | P69: =SUM(P65:P68) -> 0 | R69: =SUM(R65:R68) -> 0 | S69: =SUM(S65:S68) -> 0 | T69: =SUM(T65:T68) -> 0 | U69: =SUM(U65:U68) -> 0
C70: 20 | D70: Allianz Global Corporate & Specialty (AGCS) | E70: Europe 1 | F70: 48 | G70: AGCS | H70: Allianz Global Corporate & Specialty (AGCS) | J70: 0 | K70: 0 | M70: 0 | N70: 0 | O70: 0 | P70: 0 | R70: 0 | S70: 0 | T70: 0 | U70: 0
C71: 21 | D71: Reinsurance | E71: Europe 1 | F71: 49 | G71: AZRE | H71: Allianz Reinsurance | J71: 0 | K71: 0 | M71: 0 | N71: 0 | O71: 0 | P71: 0 | R71: 0 | S71: 0 | T71: 0 | U71: 0
C72: 23 | D72: Allianz Ireland | E72: Europe 3 | F72: 50 | G72: IE | H72: Allianz Ireland | J72: 0 | K72: 0 | M72: 0 | N72: 0 | O72: 0 | P72: 0 | R72: 0 | S72: 0 | T72: 0 | U72: 0
C73: 24 | D73: Allianz UK | E73: Europe 3 | F73: 51 | G73: UK | H73: Allianz UK | J73: 0 | K73: 0 | M73: 0 | N73: 0 | O73: 0 | P73: 0 | R73: 0 | S73: 0 | T73: 0 | U73: 0
C74: 25 | D74: Euler Hermes Group | E74: Europe 2 | F74: 52 | G74: EH | H74: Euler Hermes | J74: 0 | K74: 0 | M74: 0 | N74: 0 | O74: 0 | P74: 0 | R74: 0 | S74: 0 | T74: 0 | U74: 0
A75: . | F75: ∑ | G75: ∑ | H75: 11 | J75: =SUM(J64,J69,J70:J74) -> 0 | K75: =SUM(K64,K69,K70:K74) -> 0 | M75: =SUM(M64,M69,M70:M74) -> 0 | N75: =SUM(N64,N69,N70:N74) -> 0 | O75: =SUM(O64,O69,O70:O74) -> 0 | P75: =SUM(P64,P69,P70:P74) -> 0 | R75: =SUM(R64,R69,R70:R74) -> 0 | S75: =SUM(S64,S69,S70:S74) -> 0 | T75: =SUM(T64,T69,T70:T74) -> 0 | U75: =SUM(U64,U69,U70:U74) -> 0
A76: .
A77: de la Sota | B77: H10 Business Transformation | C77: 26 | D77: Allianz Ibero & Latin America | E77: IbertoLatAm | F77: 53 | G77: AR | H77: Allianz Argentina | J77: 1 | K77: 0 | M77: 0 | N77: 0 | O77: 0 | P77: 0 | R77: 0 | S77: 0 | T77: 0 | U77: 1
E78: IbertoLatAm | F78: 54 | G78: BR | H78: Allianz Brazil | J78: 1 | K78: 0 | M78: 0 | N78: 0 | O78: 0 | P78: 0 | R78: 0 | S78: 0 | T78: 0 | U78: 1
E79: IbertoLatAm | F79: 55 | G79: CO | H79: Allianz Colombia | J79: 1 | K79: 0 | M79: 0 | N79: 0 | O79: 0 | P79: 0 | R79: 0 | S79: 0 | T79: 0 | U79: 1
E80: IbertoLatAm | F80: 56 | G80: MX | H80: Allianz Mexico | J80: 1 | K80: 0 | M80: 0 | N80: 0 | O80: 0 | P80: 0 | R80: 0 | S80: 0 | T80: 0 | U80: 1
E81: IbertoLatAm | F81: 57 | G81: PT | H81: Allianz Portugal | J81: 0 | K81: 0 | M81: 0 | N81: 0 | O81: 0 | P81: 0 | R81: 0 | S81: 0 | T81: 0 | U81: 0
E82: IbertoLatAm | F82: 58 | G82: ES | H82: Allianz Spain (Seguros) | J82: 1 | K82: 0 | M82: 0 | N82: 0 | O82: 0 | P82: 0 | R82: 0 | S82: 0 | T82: 0 | U82: 1
F83: ∑ | G83: ∑ | H83: 6 | J83: =SUM(J77:J82) -> 5 | K83: =SUM(K77:K82) -> 0 | M83: =SUM(M77:M82) -> 0 | N83: =SUM(N77:N82) -> 0 | O83: =SUM(O77:O82) -> 0 | P83: =SUM(P77:P82) -> 0 | R83: =SUM(R77:R82) -> 0 | S83: =SUM(S77:S82) -> 0 | T83: =SUM(T77:T82) -> 0 | U83: =SUM(U77:U82) -> 5
C84: 27 | D84: Allianz Partners | E84: Europe 2 | F84: 59 | G84: AWP | H84: Allianz Partners | J84: 1 | K84: 0 | M84: 0 | N84: 0 | O84: 0 | P84: 0 | R84: 0 | S84: 0 | T84: 0 | U84: 1
C85: 28 | D85: TBD | E85: Shared Services | F85: 60 | G85: AZX | H85: AllianzX | J85: 1 | K85: 0 | M85: 0 | N85: 0 | O85: 0 | P85: 0 | R85: 0 | S85: 0 | T85: 0 | U85: 1
F86: ∑ | G86: ∑ | H86: 8 | J86: =SUM(J83:J85) -> 7 | K86: =SUM(K83:K85) -> 0 | M86: =SUM(M83:M85) -> 0 | N86: =SUM(N83:N85) -> 0 | O86: =SUM(O83:O85) -> 0 | P86: =SUM(P83:P85) -> 0 | R86: =SUM(R83:R85) -> 0 | S86: =SUM(S83:S85) -> 0 | T86: =SUM(T83:T85) -> 0 | U86: =SUM(U83:U85) -> 7
H88: 60 | J88: =SUM(J9,J17,J20,J39,J54,J60,J75,J86) -> 25 | K88: =SUM(K9,K17,K20,K39,K54,K60,K75,K86) -> 0 | M88: =SUM(M9,M17,M20,M39,M54,M60,M75,M86) -> 0 | N88: =SUM(N9,N17,N20,N39,N54,N60,N75,N86) -> 0 | O88: =SUM(O9,O17,O20,O39,O54,O60,O75,O86) -> 0 | P88: =SUM(P9,P17,P20,P39,P54,P60,P75,P86) -> 0 | R88: =SUM(R9,R17,R20,R39,R54,R60,R75,R86) -> 0 | S88: =SUM(S9,S17,S20,S39,S54,S60,S75,S86) -> 0 | T88: =SUM(T9,T17,T20,T39,T54,T60,T75,T86) -> 0 | U88: =SUM(U9,U17,U20,U39,U54,U60,U75,U86) -> 73

Sheet M294
H1: Focus Area | J1: Streamline compliance | S1: All yellow marked columns to be filled out
A2: IT Security Initiative | J2: M294 | K2: #REF! | R2: Please fill in your monthly split of planned KPI target values (accumulated plan). Please leave a comment: In which CW will you report your first progress?
A3: =Overview!A3 -> Progress KPI Reporting 2021 | J3: ='Plan view'!E28 -> # of reached milestones
J4: =J8 -> 5 | K4: =K8 -> 0 | M4: =M8 -> 0 | N4: =N8 -> 0 | O4: =O8 -> 0 | P4: =P8 -> 0 | R4: =R8 -> 2 | S4: =S8 -> 2 | T4: =T8 -> 3 | U4: =U8 -> 5
J5: Target 31.12.21 | K5: Actuals 24.09.21 | M5: Actuals 17.09.21 | N5: Actuals 10.09.21 | O5: Actuals 03.09.21 | P5: Baseline 01.07.21 | R5: Plan 09/2021 | S5: Plan 10/2021 | T5: Plan 11/2021 | U5: Plan 12/2021 | W5: Comments
A6: .
J8: ='Plan view'!$H28 -> 5 | K8: 0 | M8: 0 | N8: 0 | O8: 0 | P8: ='Plan view'!$F28 -> 0 | R8: 2 | S8: 2 | T8: 3 | U8: 5 | W8: [1] Creation and alignment of communication concept (stakeholder analysis, project story and communication timeline) := 13/08; DELAYED the communication concept is created and is in alignment. Perspectively it is aligned by end of the week (17/09). [2] Internal IIRM KPIs for CIO and ISOs are defined and approved := 17/09 [3] Cloud Assessment: Perform Roll Out training sessions to all 60 OEs := 19/12 [4] Hand Over EGRC IT and IS cockpit / interface to GRC Service := 17/12 [5] Integration of new scoping questionnaire in EGRC tool (RSA Archer) and presenting CIA values in EGRC cockpit := 17/12
W9: [1] Creation and alignment of communication concept (stakeholder analysis, project story and communication timeline) := 13/08; DELAYED the communication concept is created and is in alignment. Perspectively it is aligned by end of the week (17/09). [2] Internal IIRM KPIs for CIO and ISOs are defined and approved := 17/09 [3] Cloud Assessment: Perform Roll Out training sessions to all 60 OEs := 19/12 [4] Hand Over EGRC IT and IS cockpit / interface to GRC Service := 17/12 [5] Integration of new scoping questionnaire in EGRC tool (RSA Archer) and presenting CIA values in EGRC cockpit := 17/12
W10: [1] Creation and alignment of communication concept (stakeholder analysis, project story and communication timeline) := 13/08; DELAYED the communication concept is created and is in alignment. Perspectively it is aligned by end of the week (17/09). [2] Internal IIRM KPIs for CIO and ISOs are defined and approved := 17/09 [3] Cloud Assessment: Perform Roll Out training sessions to all 60 OEs := 19/12 [4] Hand Over EGRC IT and IS cockpit / interface to GRC Service := 17/12 [5] Integration of new scoping questionnaire in EGRC tool (RSA Archer) and presenting CIA values in EGRC cockpit := 17/12
W11: [1] Creation and alignment of communication concept (stakeholder analysis, project story and communication timeline) := 13/08; DELAYED the communication concept is created and is in alignment. Perspectively it is aligned by end of the week (17/09). [2] Internal IIRM KPIs for CIO and ISOs are defined and approved := 17/09 [3] Cloud Assessment: Perform Roll Out training sessions to all 60 OEs := 19/12 [4] Hand Over EGRC IT and IS cockpit / interface to GRC Service := 17/12 [5] Integration of new scoping questionnaire in EGRC tool (RSA Archer) and presenting CIA values in EGRC cockpit := 17/12
W12: [1] Creation and alignment of communication concept (stakeholder analysis, project story and communication timeline) := 13/08; DELAYED the communication concept is created and is in alignment. Perspectively it is aligned by end of the week (17/09). [2] Internal IIRM KPIs for CIO and ISOs are defined and approved := 17/09 [3] Cloud Assessment: Perform Roll Out training sessions to all 60 OEs := 19/12 [4] Hand Over EGRC IT and IS cockpit / interface to GRC Service := 17/12 [5] Integration of new scoping questionnaire in EGRC tool (RSA Archer) and presenting CIA values in EGRC cockpit := 17/12
W13: [1] Creation and alignment of communication concept (stakeholder analysis, project story and communication timeline) := 13/08; DELAYED the communication concept is created and is in alignment. Perspectively it is aligned by end of the week (17/09). [2] Internal IIRM KPIs for CIO and ISOs are defined and approved := 17/09 [3] Cloud Assessment: Perform Roll Out training sessions to all 60 OEs := 19/12 [4] Hand Over EGRC IT and IS cockpit / interface to GRC Service := 17/12 [5] Integration of new scoping questionnaire in EGRC tool (RSA Archer) and presenting CIA values in EGRC cockpit := 17/12
W14: [1] Creation and alignment of communication concept (stakeholder analysis, project story and communication timeline) := 13/08; DELAYED the communication concept is created and is in alignment. Perspectively it is aligned by end of the week (17/09). [2] Internal IIRM KPIs for CIO and ISOs are defined and approved := 17/09 [3] Cloud Assessment: Perform Roll Out training sessions to all 60 OEs := 19/12 [4] Hand Over EGRC IT and IS cockpit / interface to GRC Service := 17/12 [5] Integration of new scoping questionnaire in EGRC tool (RSA Archer) and presenting CIA values in EGRC cockpit := 17/12
W15: [1] Creation and alignment of communication concept (stakeholder analysis, project story and communication timeline) := 13/08; DELAYED the communication concept is created and is in alignment. Perspectively it is aligned by end of the week (17/09). [2] Internal IIRM KPIs for CIO and ISOs are defined and approved := 17/09 [3] Cloud Assessment: Perform Roll Out training sessions to all 60 OEs := 19/12 [4] Hand Over EGRC IT and IS cockpit / interface to GRC Service := 17/12 [5] Integration of new scoping questionnaire in EGRC tool (RSA Archer) and presenting CIA values in EGRC cockpit := 17/12
W16: [1] Creation and alignment of communication concept (stakeholder analysis, project story and communication timeline) := 13/08; DELAYED the communication concept is created and is in alignment. Perspectively it is aligned by end of the week (17/09). [2] Internal IIRM KPIs for CIO and ISOs are defined and approved := 17/09 [3] Cloud Assessment: Perform Roll Out training sessions to all 60 OEs := 19/12 [4] Hand Over EGRC IT and IS cockpit / interface to GRC Service := 17/12 [5] Integration of new scoping questionnaire in EGRC tool (RSA Archer) and presenting CIA values in EGRC cockpit := 17/12
W17: [1] Creation and alignment of communication concept (stakeholder analysis, project story and communication timeline) := 13/08; DELAYED the communication concept is created and is in alignment. Perspectively it is aligned by end of the week (17/09). [2] Internal IIRM KPIs for CIO and ISOs are defined and approved := 17/09 [3] Cloud Assessment: Perform Roll Out training sessions to all 60 OEs := 19/12 [4] Hand Over EGRC IT and IS cockpit / interface to GRC Service := 17/12 [5] Integration of new scoping questionnaire in EGRC tool (RSA Archer) and presenting CIA values in EGRC cockpit := 17/12
W18: [1] Creation and alignment of communication concept (stakeholder analysis, project story and communication timeline) := 13/08; DELAYED the communication concept is created and is in alignment. Perspectively it is aligned by end of the week (17/09). [2] Internal IIRM KPIs for CIO and ISOs are defined and approved := 17/09 [3] Cloud Assessment: Perform Roll Out training sessions to all 60 OEs := 19/12 [4] Hand Over EGRC IT and IS cockpit / interface to GRC Service := 17/12 [5] Integration of new scoping questionnaire in EGRC tool (RSA Archer) and presenting CIA values in EGRC cockpit := 17/12
W19: [1] Creation and alignment of communication concept (stakeholder analysis, project story and communication timeline) := 13/08; DELAYED the communication concept is created and is in alignment. Perspectively it is aligned by end of the week (17/09). [2] Internal IIRM KPIs for CIO and ISOs are defined and approved := 17/09 [3] Cloud Assessment: Perform Roll Out training sessions to all 60 OEs := 19/12 [4] Hand Over EGRC IT and IS cockpit / interface to GRC Service := 17/12 [5] Integration of new scoping questionnaire in EGRC tool (RSA Archer) and presenting CIA values in EGRC cockpit := 17/12

Sheet M295
H1: Focus Area | J1: Streamline compliance | S1: All yellow marked columns to be filled out
A2: IT Security Initiative | J2: M295 | K2: #REF! | R2: Please fill in your monthly split of planned KPI target values (accumulated plan). Please leave a comment: In which CW will you report your first progress?
A3: =Overview!A3 -> Progress KPI Reporting 2021 | J3: ='Plan view'!E29 -> # of KPI + SLA vetting draft for 6 Security Services
J4: =J8 -> 12 | K4: =K8 -> 0 | M4: =M8 -> 0 | N4: =N8 -> 0 | O4: =O8 -> 0 | P4: =P8 -> 0 | R4: =R8 -> 1 | S4: =S8 -> 4 | T4: =T8 -> 9 | U4: =U8 -> 12
J5: Target 31.12.21 | K5: Actuals 24.09.21 | M5: Actuals 17.09.21 | N5: Actuals 10.09.21 | O5: Actuals 03.09.21 | P5: Baseline 01.07.21 | R5: Plan 09/2021 | S5: Plan 10/2021 | T5: Plan 11/2021 | U5: Plan 12/2021 | W5: Comments
A6: .
J8: ='Plan view'!$H29 -> 12 | K8: 0 | M8: 0 | N8: 0 | O8: 0 | P8: ='Plan view'!$F29 -> 0 | R8: 1 | S8: 4 | T8: 9 | U8: 12 | W8: first KPI progress expected CW40
W9: first KPI progress expected CW40
W10: first KPI progress expected CW40
W11: first KPI progress expected CW40
W12: first KPI progress expected CW40
W13: first KPI progress expected CW40
W14: first KPI progress expected CW40
W15: first KPI progress expected CW40
W16: first KPI progress expected CW40
W17: first KPI progress expected CW40
W18: first KPI progress expected CW40
W19: first KPI progress expected CW40

Sheet M296
H1: Focus Area | J1: Build Security org/skills | S1: All yellow marked columns to be filled out
A2: IT Security Initiative | J2: M296 | K2: #REF! | R2: Please fill in your monthly split of planned KPI target values (accumulated plan). Please leave a comment: In which CW will you report your first progress?
A3: =Overview!A3 -> Progress KPI Reporting 2021 | J3: ='Plan view'!E30 -> # of OEs evaluated within BitSight financial model
J4: ='Plan view'!$H30 -> 10 | K4: =K88 -> 0 | M4: =M88 -> 0 | N4: =N88 -> 0 | O4: =O88 -> 0 | P4: =P88 -> 0 | R4: =R88 -> 0 | S4: =S88 -> 9 | T4: =T88 -> 19 | U4: =U88 -> 19
A5: Board Members | B5: H Ressort | C5: ITC Mapping | E5: Group Iso Function | F5: OEs ID | G5: CIM ID | H5: OE | J5: Target 31.12.21 | K5: Actuals 24.09.21 | M5: Actuals 17.09.21 | N5: Actuals 10.09.21 | O5: Actuals 03.09.21 | P5: Baseline 01.07.21 | R5: Plan 09/2021 | S5: Plan 10/2021 | T5: Plan 11/2021 | U5: Plan 12/2021 | W5: Comments
A6: .
A7: Bäte | B7: H1 CEO | C7: 1 | D7: Allianz SE, Allianz Europe | E7: Shared Services | F7: 1 | G7: AZSE | H7: Allianz SE | J7: 2 | K7: 0 | M7: 0 | N7: 0 | O7: 0 | P7: 0 | R7: 0 | S7: 2 | T7: 2 | U7: 2 | W7: The two OEs include Allianz SE and Allianz Group. Due to preparatory work stages, the final evaluation of the OEs within BitSight financial model will take place in October and November.
C8: 2 | D8: TBD | E8: Asset & Overseas | F8: 2 | G8: AU | H8: Allianz Australia P&C | J8: 1 | K8: 0 | M8: 0 | N8: 0 | O8: 0 | P8: 0 | R8: 0 | S8: 5 | T8: 10 | U8: 10 | W8: Due to preparatory work stages, the final evaluation of the OEs within BitSight financial model will take place in October and November.
A9: . | F9: ∑ | G9: ∑ | H9: 2 | J9: =SUM(J7:J8) -> 3 | K9: =SUM(K7:K8) -> 0 | M9: =SUM(M7:M8) -> 0 | N9: =SUM(N7:N8) -> 0 | O9: =SUM(O7:O8) -> 0 | P9: =SUM(P7:P8) -> 0 | R9: =SUM(R7:R8) -> 0 | S9: =SUM(S7:S8) -> 7 | T9: =SUM(T7:T8) -> 12 | U9: =SUM(U7:U8) -> 12
A10: .
A11: Thallinger | B11: H3 Investments Management | C11: 2 | D11: Allianz Investment | E11: Shared Services | F11: 3 | G11: ADEUS | H11: ADEUS Aktienregister-Service-GmbH | J11: 0 | K11: 0 | M11: 0 | N11: 0 | O11: 0 | P11: 0 | R11: 0 | S11: 0 | T11: 0 | U11: 0
E12: Europe 3 | F12: 4 | G12: AGL | H12: Allianz Global Life | J12: 0 | K12: 0 | M12: 0 | N12: 0 | O12: 0 | P12: 0 | R12: 0 | S12: 0 | T12: 0 | U12: 0
E13: Shared Services | F13: 5 | G13: AIM | H13: Allianz Investment Management (AIM) | J13: 0 | K13: 0 | M13: 0 | N13: 0 | O13: 0 | P13: 0 | R13: 0 | S13: 0 | T13: 0 | U13: 0
E14: Shared Services | F14: 6 | G14: ARE | H14: Allianz Real Estate (ARE) | J14: 0 | K14: 0 | M14: 0 | N14: 0 | O14: 0 | P14: 0 | R14: 0 | S14: 0 | T14: 0 | U14: 0
E15: TBD | F15: 7 | G15: AUL | H15: Allianz Australia Life | J15: 0 | K15: 0 | M15: 0 | N15: 0 | O15: 0 | P15: 0 | R15: 0 | S15: 0 | T15: 0 | U15: 0
E16: Shared Services | F16: 8 | G16: IDS | H16: Investment Data Services (IDS) | J16: 0 | K16: 0 | M16: 0 | N16: 0 | O16: 0 | P16: 0 | R16: 0 | S16: 0 | T16: 0 | U16: 0
A17: . | F17: ∑ | G17: ∑ | H17: 6 | J17: =SUM(J11:J16) -> 0 | K17: =SUM(K11:K16) -> 0 | M17: =SUM(M11:M16) -> 0 | N17: =SUM(N11:N16) -> 0 | O17: =SUM(O11:O16) -> 0 | P17: =SUM(P11:P16) -> 0 | R17: =SUM(R11:R16) -> 0 | S17: =SUM(S11:S16) -> 0 | T17: =SUM(T11:T16) -> 0 | U17: =SUM(U11:U16) -> 0
A18: .
A19: Mascher | B19: H4 Operations | C19: 3 | D19: Allianz Technology | E19: AZ Technology | F19: 9 | G19: AMOS | H19: Allianz Technology | J19: 1 | K19: 0 | M19: 0 | N19: 0 | O19: 0 | P19: - | R19: 0 | S19: 0 | T19: 1 | U19: 1 | W19: Due to preparatory work stages, the final evaluation of the OEs within BitSight financial model will take place in October and November.
A20: . | F20: ∑ | G20: ∑ | H20: 1 | J20: =SUM(J19) -> 1 | K20: =SUM(K19) -> 0 | M20: =SUM(M19) -> 0 | N20: =SUM(N19) -> 0 | O20: =SUM(O19) -> 0 | P20: =SUM(P19) -> 0 | R20: =SUM(R19) -> 0 | S20: =SUM(S19) -> 0 | T20: =SUM(T19) -> 1 | U20: =SUM(U19) -> 1
A21: .
A22: Balbinot | B22: H5 Insurance Western & Southern Europe, AZAP | C22: 4 | D22: AZAP | E22: AZAP | F22: 10 | G22: CNPC | H22: Allianz China - P&C | J22: 0 | K22: 0 | M22: 0 | N22: 0 | O22: 0 | P22: 0 | R22: 0 | S22: 0 | T22: 0 | U22: 0
B23: H2 Finance, Controlling, Risk | E23: AZAP | F23: 11 | G23: CNH | H23: Allianz China - Holding | J23: 0 | K23: 0 | M23: 0 | N23: 0 | O23: 0 | P23: 0 | R23: 0 | S23: 0 | T23: 0 | U23: 0
B24: H2 Finance, Controlling, Risk | E24: AZAP | F24: 12 | G24: ID | H24: Allianz Indonesia | J24: 0 | K24: 0 | M24: 0 | N24: 0 | O24: 0 | P24: 0 | R24: 0 | S24: 0 | T24: 0 | U24: 0
B25: H2 Finance, Controlling, Risk | E25: AZAP | F25: 13 | G25: LAPC | H25: Allianz Laos | J25: 0 | K25: 0 | M25: 0 | N25: 0 | O25: 0 | P25: 0 | R25: 0 | S25: 0 | T25: 0 | U25: 0
B26: H2 Finance, Controlling, Risk | E26: AZAP | F26: 14 | G26: MY | H26: Allianz Malaysia | J26: 0 | K26: 0 | M26: 0 | N26: 0 | O26: 0 | P26: 0 | R26: 0 | S26: 0 | T26: 0 | U26: 0
B27: H2 Finance, Controlling, Risk | E27: AZAP | F27: 15 | G27: PH | H27: Allianz Philippine - L&H | J27: 0 | K27: 0 | M27: 0 | N27: 0 | O27: 0 | P27: 0 | R27: 0 | S27: 0 | T27: 0 | U27: 0
B28: H2 Finance, Controlling, Risk | E28: AZAP | F28: 16 | G28: LK | H28: Allianz Sri Lanka | J28: 0 | K28: 0 | M28: 0 | N28: 0 | O28: 0 | P28: 0 | R28: 0 | S28: 0 | T28: 0 | U28: 0
B29: H2 Finance, Controlling, Risk | E29: AZAP | F29: 17 | G29: AS | H29: Allianz Singapore | J29: 0 | K29: 0 | M29: 0 | N29: 0 | O29: 0 | P29: 0 | R29: 0 | S29: 0 | T29: 0 | U29: 0
B30: H2 Finance, Controlling, Risk | E30: AZAP | F30: 18 | G30: TWL | H30: Allianz Taiwan - Life | J30: 0 | K30: 0 | M30: 0 | N30: 0 | O30: 0 | P30: 0 | R30: 0 | S30: 0 | T30: 0 | U30: 0
B31: H2 Finance, Controlling, Risk | E31: AZAP | F31: 19 | G31: TH | H31: Allianz Thailand | J31: 0 | K31: 0 | M31: 0 | N31: 0 | O31: 0 | P31: 0 | R31: 0 | S31: 0 | T31: 0 | U31: 0
B32: H2 Finance, Controlling, Risk | E32: AZAP | F32: 20 | G32: FIN | H32: FinOS - Holding | J32: 0 | K32: 0 | M32: 0 | N32: 0 | O32: 0 | P32: 0 | R32: 0 | S32: 0 | T32: 0 | U32: 0
B33: H2 Finance, Controlling, Risk | F33: ∑ | G33: ∑ | H33: 11 | J33: =SUM(J22:J32) -> 0 | K33: =SUM(K22:K32) -> 0 | M33: =SUM(M22:M32) -> 0 | N33: =SUM(N22:N32) -> 0 | O33: =SUM(O22:O32) -> 0 | P33: =SUM(P22:P32) -> 0 | R33: 0 | S33: =SUM(S22:S32) -> 0 | T33: =SUM(T22:T32) -> 0 | U33: =SUM(U22:U32) -> 0
B34: H2 Finance, Controlling, Risk | C34: 5 | D34: Allianz Benelux | E34: Europe 2 | F34: 21 | G34: BLX | H34: Allianz Benelux | J34: 0 | K34: 0 | M34: 0 | N34: 0 | O34: 0 | P34: 0 | R34: 0 | S34: 0 | T34: 0 | U34: 0
B35: H2 Finance, Controlling, Risk | C35: 6 | D35: Allianz France | E35: Europe 2 | F35: 22 | G35: FR | H35: Allianz France | J35: 1 | K35: 0 | M35: 0 | N35: 0 | O35: 0 | P35: 0 | R35: 0 | S35: 1 | T35: 1 | U35: 1 | W35: Due to preparatory work stages, the final evaluation of the OEs within BitSight financial model will take place in October and November.
B36: H2 Finance, Controlling, Risk | C36: 7 | D36: Allianz Greece | E36: Europe 3 | F36: 23 | G36: GR | H36: Allianz Greece | J36: 0 | K36: 0 | M36: 0 | N36: 0 | O36: 0 | P36: 0 | R36: 0 | S36: 0 | T36: 0 | U36: 0
B37: H2 Finance, Controlling, Risk | C37: 8 | D37: Allianz Italy | E37: Europe 3 | F37: 24 | G37: IT | H37: Allianz Italy | J37: 0 | K37: 0 | M37: 0 | N37: 0 | O37: 0 | P37: 0 | R37: 0 | S37: 0 | T37: 0 | U37: 0
B38: H2 Finance, Controlling, Risk | C38: 9 | D38: Allianz Turkey | E38: Europe 3 | F38: 25 | G38: TR | H38: Allianz Turkey | J38: 0 | K38: 0 | M38: 0 | N38: 0 | O38: 0 | P38: 0 | R38: 0 | S38: 0 | T38: 0 | U38: 0
A39: . | F39: ∑ | G39: ∑ | H39: 16 | J39: =SUM(J33:J38) -> 1 | K39: =SUM(K33:K38) -> 0 | M39: =SUM(M33:M38) -> 0 | N39: =SUM(N33:N38) -> 0 | O39: =SUM(O33:O38) -> 0 | P39: =SUM(P33:P38) -> 0 | R39: =SUM(R33:R38) -> 0 | S39: =SUM(S33:S38) -> 1 | T39: =SUM(T33:T38) -> 1 | U39: =SUM(U33:U38) -> 1
A40: .
A41: Theis | B41: H7 Insurance German Speaking Countries & CEE | C41: 10 | D41: Allianz Germany | E41: Europe 1 | F41: 26 | G41: AZD | H41: Allianz Germany | J41: 1 | K41: 0 | M41: 0 | N41: 0 | O41: 0 | P41: 0 | R41: 0 | S41: 0 | T41: 1 | U41: 1 | W41: Due to preparatory work stages, the final evaluation of the OEs within BitSight financial model will take place in October and November.
B42: H2 Finance, Controlling, Risk | C42: 11 | D42: CEE | E42: CEE | F42: 27 | G42: AT | H42: Allianz Austria (Elementar) | J42: 0 | K42: 0 | M42: 0 | N42: 0 | O42: 0 | P42: 0 | R42: 0 | S42: 0 | T42: 0 | U42: 0
B43: H2 Finance, Controlling, Risk | E43: CEE | F43: 28 | G43: BG | H43: Allianz Bulgaria | J43: 0 | K43: 0 | M43: 0 | N43: 0 | O43: 0 | P43: 0 | R43: 0 | S43: 0 | T43: 0 | U43: 0
B44: H2 Finance, Controlling, Risk | E44: CEE | F44: 29 | G44: CZ | H44: Allianz Czechia | J44: 0 | K44: 0 | M44: 0 | N44: 0 | O44: 0 | P44: 0 | R44: 0 | S44: 0 | T44: 0 | U44: 0
B45: H2 Finance, Controlling, Risk | E45: CEE | F45: 30 | G45: HU | H45: Allianz Hungary | J45: 0 | K45: 0 | M45: 0 | N45: 0 | O45: 0 | P45: 0 | R45: 0 | S45: 0 | T45: 0 | U45: 0
B46: H2 Finance, Controlling, Risk | E46: CEE | F46: 31 | G46: HR | H46: Allianz Croatia (Zagreb) | J46: 0 | K46: 0 | M46: 0 | N46: 0 | O46: 0 | P46: 0 | R46: 0 | S46: 0 | T46: 0 | U46: 0
B47: H2 Finance, Controlling, Risk | E47: CEE | F47: 32 | G47: PL | H47: Allianz Poland | J47: 0 | K47: 0 | M47: 0 | N47: 0 | O47: 0 | P47: 0 | R47: 0 | S47: 0 | T47: 0 | U47: 0
B48: H2 Finance, Controlling, Risk | E48: CEE | F48: 33 | G48: RO | H48: Allianz Romania (Tiriac) | J48: 0 | K48: 0 | M48: 0 | N48: 0 | O48: 0 | P48: 0 | R48: 0 | S48: 0 | T48: 0 | U48: 0
B49: H2 Finance, Controlling, Risk | E49: CEE | F49: 34 | G49: RU | H49: Allianz Russia | J49: 0 | K49: 0 | M49: 0 | N49: 0 | O49: 0 | P49: 0 | R49: 0 | S49: 0 | T49: 0 | U49: 0
B50: H2 Finance, Controlling, Risk | E50: CEE | F50: 35 | G50: SK | H50: Allianz Slovakia | J50: 0 | K50: 0 | M50: 0 | N50: 0 | O50: 0 | P50: 0 | R50: 0 | S50: 0 | T50: 0 | U50: 0
B51: H2 Finance, Controlling, Risk | E51: CEE | F51: 36 | G51: UKR | H51: Allianz Ukraine | J51: 0 | K51: 0 | M51: 0 | N51: 0 | O51: 0 | P51: 0 | R51: 0 | S51: 0 | T51: 0 | U51: 0
B52: H2 Finance, Controlling, Risk | F52: ∑ | G52: ∑ | H52: 11 | J52: =SUM(J41:J51) -> 1 | K52: =SUM(K41:K51) -> 0 | M52: =SUM(M41:M51) -> 0 | N52: =SUM(N41:N51) -> 0 | O52: =SUM(O41:O51) -> 0 | P52: =SUM(P41:P51) -> 0 | R52: =SUM(R41:R51) -> 0 | S52: =SUM(S41:S51) -> 0 | T52: =SUM(T41:T51) -> 1 | U52: =SUM(U41:U51) -> 1
B53: H2 Finance, Controlling, Risk | C53: 12 | D53: Allianz Suisse | E53: Europe 1 | F53: 37 | G53: CH | H53: Allianz Switzerland | J53: 0 | K53: 0 | M53: 0 | N53: 0 | O53: 0 | P53: 0 | R53: 0 | S53: 0 | T53: 0 | U53: 0
A54: . | F54: ∑ | G54: ∑ | H54: 12 | J54: =SUM(J52:J53) -> 1 | K54: =SUM(K52:K53) -> 0 | M54: =SUM(M52:M53) -> 0 | N54: =SUM(N52:N53) -> 0 | O54: =SUM(O52:O53) -> 0 | P54: =SUM(P52:P53) -> 0 | R54: =SUM(R52:R53) -> 0 | S54: =SUM(S52:S53) -> 0 | T54: =SUM(T52:T53) -> 1 | U54: =SUM(U52:U53) -> 1
A55: . | J55: 0 | K55: 0 | M55: 0 | N55: 0 | O55: 0 | R55: 0 | S55: 0 | T55: 0 | U55: 0
A56: Hunt | B56: H8 Asset Management, USA Life Insurance | C56: 13 | D56: Allianz Asset Management Holding (AAM) | E56: Asset & Overseas | F56: 38 | G56: AAM | H56: Allianz Asset Management Holding (AAM) | J56: 0 | K56: 0 | M56: 0 | N56: 0 | O56: 0 | P56: 0 | R56: 0 | S56: 0 | T56: 0 | U56: 0
B57: H2 Finance, Controlling, Risk | C57: 15 | D57: Allianz Global Investors (AGI) | E57: Asset & Overseas | F57: 39 | G57: AGI | H57: Allianz Global Investors (AGI) | J57: 0 | K57: 0 | M57: 0 | N57: 0 | O57: 0 | P57: 0 | R57: 0 | S57: 0 | T57: 0 | U57: 0
B58: H2 Finance, Controlling, Risk | C58: 16 | D58: Pacific Invest.Manag. Comp.(PIMCO) | E58: Asset & Overseas | F58: 40 | G58: PIMCO | H58: Pacific Investement Management Company (PIMCO) | J58: 0 | K58: 0 | M58: 0 | N58: 0 | O58: 0 | P58: 0 | R58: 0 | S58: 0 | T58: 0 | U58: 0
B59: H2 Finance, Controlling, Risk | C59: 17 | D59: Allianz Life | E59: Asset & Overseas | F59: 41 | G59: USL | H59: Allianz Life US | J59: 1 | K59: 0 | M59: 0 | N59: 0 | O59: 0 | P59: 0 | R59: 0 | S59: 1 | T59: 1 | U59: 1 | W59: Due to preparatory work stages, the final evaluation of the OEs within BitSight financial model will take place in October and November.
A60: . | F60: ∑ | G60: ∑ | H60: 4 | J60: =SUM(J56:J59) -> 1 | K60: =SUM(K56:K59) -> 0 | M60: =SUM(M56:M59) -> 0 | N60: =SUM(N56:N59) -> 0 | O60: =SUM(O56:O59) -> 0 | P60: =SUM(P56:P59) -> 0 | R60: =SUM(R56:R59) -> 0 | S60: =SUM(S56:S59) -> 1 | T60: =SUM(T56:T59) -> 1 | U60: =SUM(U56:U59) -> 1
A61: .
A62: Peiris | B62: H9 Global Lines & Anglo Markets, MENA, Africa | C62: 18 | D62: Allianz Africa | E62: AZ Africa | F62: 42 | G62: AFR | H62: Allianz Africa | J62: 0 | K62: 0 | M62: 0 | N62: 0 | O62: 0 | P62: 0 | R62: 0 | S62: 0 | T62: 0 | U62: 0
E63: AZ Africa | F63: 43 | G63: MA | H63: Allianz Morocco | J63: 0 | K63: 0 | M63: 0 | N63: 0 | O63: 0 | P63: 0 | R63: 0 | S63: 0 | T63: 0 | U63: 0
F64: ∑ | G64: ∑ | H64: 2 | J64: =SUM(J62:J63) -> 0 | K64: =SUM(K62:K63) -> 0 | M64: =SUM(M62:M63) -> 0 | N64: =SUM(N62:N63) -> 0 | O64: =SUM(O62:O63) -> 0 | P64: =SUM(P62:P63) -> 0 | R64: =SUM(R62:R63) -> 0 | S64: =SUM(S62:S63) -> 0 | T64: =SUM(T62:T63) -> 0 | U64: =SUM(U62:U63) -> 0
C65: 19 | D65: MENA | E65: MENA | F65: 44 | G65: EGLH | H65: Allianz Egypt L&H | J65: 0 | K65: 0 | M65: 0 | N65: 0 | O65: 0 | P65: 0 | R65: 0 | S65: 0 | T65: 0 | U65: 0
E66: MENA | F66: 45 | G66: EGPC | H66: Allianz Egypt P&C | J66: 0 | K66: 0 | M66: 0 | N66: 0 | O66: 0 | P66: 0 | R66: 0 | S66: 0 | T66: 0 | U66: 0
E67: MENA | F67: 46 | G67: LB | H67: Allianz Lebanon | J67: 0 | K67: 0 | M67: 0 | N67: 0 | O67: 0 | P67: 0 | R67: 0 | S67: 0 | T67: 0 | U67: 0
E68: MENA | F68: 47 | G68: SA | H68: Allianz Saudi Arabia | J68: 0 | K68: 0 | M68: 0 | N68: 0 | O68: 0 | P68: 0 | R68: 0 | S68: 0 | T68: 0 | U68: 0
F69: ∑ | G69: ∑ | H69: 4 | J69: =SUM(J65:J68) -> 0 | K69: =SUM(K65:K68) -> 0 | M69: =SUM(M65:M68) -> 0 | N69: =SUM(N65:N68) -> 0 | O69: =SUM(O65:O68) -> 0 | P69: =SUM(P65:P68) -> 0 | R69: =SUM(R65:R68) -> 0 | S69: =SUM(S65:S68) -> 0 | T69: =SUM(T65:T68) -> 0 | U69: =SUM(U65:U68) -> 0
C70: 20 | D70: Allianz Global Corporate & Specialty (AGCS) | E70: Europe 1 | F70: 48 | G70: AGCS | H70: Allianz Global Corporate & Specialty (AGCS) | J70: 1 | K70: 0 | M70: 0 | N70: 0 | O70: 0 | P70: 0 | R70: 0 | S70: 0 | T70: 1 | U70: 1 | W70: Due to preparatory work stages, the final evaluation of the OEs within BitSight financial model will take place in October and November.
C71: 21 | D71: Reinsurance | E71: Europe 1 | F71: 49 | G71: AZRE | H71: Allianz Reinsurance | J71: 1 | K71: 0 | M71: 0 | N71: 0 | O71: 0 | P71: 0 | R71: 0 | S71: 0 | T71: 1 | U71: 1 | W71: Due to preparatory work stages, the final evaluation of the OEs within BitSight financial model will take place in October and November.
C72: 23 | D72: Allianz Ireland | E72: Europe 3 | F72: 50 | G72: IE | H72: Allianz Ireland | J72: 0 | K72: 0 | M72: 0 | N72: 0 | O72: 0 | P72: 0 | R72: 0 | S72: 0 | T72: 0 | U72: 0
C73: 24 | D73: Allianz UK | E73: Europe 3 | F73: 51 | G73: UK | H73: Allianz UK | J73: 1 | K73: 0 | M73: 0 | N73: 0 | O73: 0 | P73: 0 | R73: 0 | S73: 0 | T73: 1 | U73: 1 | W73: Due to preparatory work stages, the final evaluation of the OEs within BitSight financial model will take place in October and November.
C74: 25 | D74: Euler Hermes Group | E74: Europe 2 | F74: 52 | G74: EH | H74: Euler Hermes | J74: 0 | K74: 0 | M74: 0 | N74: 0 | O74: 0 | P74: 0 | R74: 0 | S74: 0 | T74: 0 | U74: 0
A75: . | F75: ∑ | G75: ∑ | H75: 11 | J75: =SUM(J64,J69,J70:J74) -> 3 | K75: =SUM(K64,K69,K70:K74) -> 0 | M75: =SUM(M64,M69,M70:M74) -> 0 | N75: =SUM(N64,N69,N70:N74) -> 0 | O75: =SUM(O64,O69,O70:O74) -> 0 | P75: =SUM(P64,P69,P70:P74) -> 0 | R75: =SUM(R64,R69,R70:R74) -> 0 | S75: =SUM(S64,S69,S70:S74) -> 0 | T75: =SUM(T64,T69,T70:T74) -> 3 | U75: =SUM(U64,U69,U70:U74) -> 3
A76: .
A77: de la Sota | B77: H10 Business Transformation | C77: 26 | D77: Allianz Ibero & Latin America | E77: IbertoLatAm | F77: 53 | G77: AR | H77: Allianz Argentina | J77: 0 | K77: 0 | M77: 0 | N77: 0 | O77: 0 | P77: 0 | R77: 0 | S77: 0 | T77: 0 | U77: 0
E78: IbertoLatAm | F78: 54 | G78: BR | H78: Allianz Brazil | J78: 0 | K78: 0 | M78: 0 | N78: 0 | O78: 0 | P78: 0 | R78: 0 | S78: 0 | T78: 0 | U78: 0
E79: IbertoLatAm | F79: 55 | G79: CO | H79: Allianz Colombia | J79: 0 | K79: 0 | M79: 0 | N79: 0 | O79: 0 | P79: 0 | R79: 0 | S79: 0 | T79: 0 | U79: 0
E80: IbertoLatAm | F80: 56 | G80: MX | H80: Allianz Mexico | J80: 0 | K80: 0 | M80: 0 | N80: 0 | O80: 0 | P80: 0 | R80: 0 | S80: 0 | T80: 0 | U80: 0
E81: IbertoLatAm | F81: 57 | G81: PT | H81: Allianz Portugal | J81: 0 | K81: 0 | M81: 0 | N81: 0 | O81: 0 | P81: 0 | R81: 0 | S81: 0 | T81: 0 | U81: 0
E82: IbertoLatAm | F82: 58 | G82: ES | H82: Allianz Spain (Seguros) | J82: 0 | K82: 0 | M82: 0 | N82: 0 | O82: 0 | P82: 0 | R82: 0 | S82: 0 | T82: 0 | U82: 0
F83: ∑ | G83: ∑ | H83: 6 | J83: =SUM(J77:J82) -> 0 | K83: =SUM(K77:K82) -> 0 | M83: =SUM(M77:M82) -> 0 | N83: =SUM(N77:N82) -> 0 | O83: =SUM(O77:O82) -> 0 | P83: =SUM(P77:P82) -> 0 | R83: =SUM(R77:R82) -> 0 | S83: =SUM(S77:S82) -> 0 | T83: =SUM(T77:T82) -> 0 | U83: =SUM(U77:U82) -> 0
C84: 27 | D84: Allianz Partners | E84: Europe 2 | F84: 59 | G84: AWP | H84: Allianz Partners | J84: 0 | K84: 0 | M84: 0 | N84: 0 | O84: 0 | P84: 0 | R84: 0 | S84: 0 | T84: 0 | U84: 0
C85: 28 | D85: TBD | E85: Shared Services | F85: 60 | G85: AZX | H85: AllianzX | J85: 0 | K85: 0 | M85: 0 | N85: 0 | O85: 0 | P85: 0 | R85: 0 | S85: 0 | T85: 0 | U85: 0
F86: ∑ | G86: ∑ | H86: 8 | J86: =SUM(J83:J85) -> 0 | K86: =SUM(K83:K85) -> 0 | M86: =SUM(M83:M85) -> 0 | N86: =SUM(N83:N85) -> 0 | O86: =SUM(O83:O85) -> 0 | P86: =SUM(P83:P85) -> 0 | R86: =SUM(R83:R85) -> 0 | S86: =SUM(S83:S85) -> 0 | T86: =SUM(T83:T85) -> 0 | U86: =SUM(U83:U85) -> 0
H88: 60 | J88: =SUM(J9,J17,J20,J39,J54,J60,J75,J86) -> 10 | K88: =SUM(K9,K17,K20,K39,K54,K60,K75,K86) -> 0 | M88: =SUM(M9,M17,M20,M39,M54,M60,M75,M86) -> 0 | N88: =SUM(N9,N17,N20,N39,N54,N60,N75,N86) -> 0 | O88: =SUM(O9,O17,O20,O39,O54,O60,O75,O86) -> 0 | P88: =SUM(P9,P17,P20,P39,P54,P60,P75,P86) -> 0 | R88: =SUM(R9,R17,R20,R39,R54,R60,R75,R86) -> 0 | S88: =SUM(S9,S17,S20,S39,S54,S60,S75,S86) -> 9 | T88: =SUM(T9,T17,T20,T39,T54,T60,T75,T86) -> 19 | U88: =SUM(U9,U17,U20,U39,U54,U60,U75,U86) -> 19

Sheet M297
H1: Focus Area | J1: Build Security org/skills | S1: All yellow marked columns to be filled out
A2: IT Security Initiative | J2: M297 | K2: #REF! | R2: Please fill in your monthly split of planned KPI target values (accumulated plan). Please leave a comment: In which CW will you report your first progress?
A3: =Overview!A3 -> Progress KPI Reporting 2021 | J3: ='Plan view'!E31 -> # of learning nuggets and OE dashboards created
J4: =J8 -> 10 | K4: =K8 -> 0 | M4: =M8 -> 0 | N4: =N8 -> 0 | O4: =O8 -> 0 | P4: =P8 -> 0 | R4: =R8 -> 0 | S4: =S8 -> 1 | T4: =T8 -> 3 | U4: =U8 -> 10
J5: Target 31.12.21 | K5: Actuals 24.09.21 | M5: Actuals 17.09.21 | N5: Actuals 10.09.21 | O5: Actuals 03.09.21 | P5: Baseline 01.07.21 | R5: Plan 09/2021 | S5: Plan 10/2021 | T5: Plan 11/2021 | U5: Plan 12/2021 | W5: Comments
A6: .
J8: ='Plan view'!$H31 -> 10 | K8: 0 | M8: 0 | N8: 0 | O8: 0 | P8: ='Plan view'!$F31 -> 0 | R8: 0 | S8: 1 | T8: 3 | U8: 10 | W8: First KPI-Progress expected in CW39
W9: First KPI-Progress expected in CW39
W10: First KPI-Progress expected in CW39
W11: First KPI-Progress expected in CW39
W12: First KPI-Progress expected in CW39
W13: First KPI-Progress expected in CW39
W14: First KPI-Progress expected in CW39
W15: First KPI-Progress expected in CW39
W16: First KPI-Progress expected in CW39
W17: First KPI-Progress expected in CW39
W18: First KPI-Progress expected in CW39
W19: First KPI-Progress expected in CW39

Sheet M298
H1: Focus Area | J1: Build Security org/skills | S1: All yellow marked columns to be filled out
A2: IT Security Initiative | J2: M298 | K2: #REF! | R2: Please fill in your monthly split of planned KPI target values (accumulated plan). Please leave a comment: In which CW will you report your first progress?
A3: =Overview!A3 -> Progress KPI Reporting 2021 | J3: ='Plan view'!E32 -> # of reached artefacts
J4: =J8 -> 3 | K4: =K8 -> 0 | M4: =M8 -> 0 | N4: =N8 -> 0 | O4: =O8 -> 0 | P4: =P8 -> 0 | R4: =R8 -> 0 | S4: =S8 -> 0 | T4: =T8 -> 1 | U4: =U8 -> 3
J5: Target 31.12.21 | K5: Actuals 24.09.21 | M5: Actuals 17.09.21 | N5: Actuals 10.09.21 | O5: Actuals 03.09.21 | P5: Baseline 01.07.21 | R5: Plan 09/2021 | S5: Plan 10/2021 | T5: Plan 11/2021 | U5: Plan 12/2021 | W5: Comments
A6: .
J8: ='Plan view'!$H32 -> 3 | K8: 0 | M8: 0 | N8: 0 | O8: 0 | P8: ='Plan view'!$F32 -> 0 | R8: 0 | S8: 0 | T8: 1 | U8: 3 | W8: Creation of artefacts will be done gradually in increments, but completion will occur only at project end.
W9: Creation of artefacts will be done gradually in increments, but completion will occur only at project end.
W10: Creation of artefacts will be done gradually in increments, but completion will occur only at project end.
W11: Creation of artefacts will be done gradually in increments, but completion will occur only at project end.
W12: Creation of artefacts will be done gradually in increments, but completion will occur only at project end.
W13: Creation of artefacts will be done gradually in increments, but completion will occur only at project end.
W14: Creation of artefacts will be done gradually in increments, but completion will occur only at project end.
W15: Creation of artefacts will be done gradually in increments, but completion will occur only at project end.
W16: Creation of artefacts will be done gradually in increments, but completion will occur only at project end.
W17: Creation of artefacts will be done gradually in increments, but completion will occur only at project end.
W18: Creation of artefacts will be done gradually in increments, but completion will occur only at project end.
W19: Creation of artefacts will be done gradually in increments, but completion will occur only at project end.

Sheet M299
H1: Focus Area | J1: Build Security org/skills | S1: All yellow marked columns to be filled out
A2: IT Security Initiative | J2: M299 | K2: #REF! | R2: Please fill in your monthly split of planned KPI target values (accumulated plan). Please leave a comment: In which CW will you report your first progress?
A3: =Overview!A3 -> Progress KPI Reporting 2021 | J3: ='Plan view'!E33 -> # of architectural documents (e.g. pattern / analysis / methodology) published
J4: =J8 -> 7 | K4: =K8 -> 0 | M4: =M8 -> 0 | N4: =N8 -> 0 | O4: =O8 -> 0 | P4: =P8 -> 0 | R4: =R8 -> 0 | S4: =S8 -> 1 | T4: =T8 -> 4 | U4: =U8 -> 7
J5: Target 31.12.21 | K5: Actuals 24.09.21 | M5: Actuals 17.09.21 | N5: Actuals 10.09.21 | O5: Actuals 03.09.21 | P5: Baseline 01.07.21 | R5: Plan 09/2021 | S5: Plan 10/2021 | T5: Plan 11/2021 | U5: Plan 12/2021 | W5: Comments
A6: .
J8: ='Plan view'!$H33 -> 7 | K8: 0 | M8: 0 | N8: 0 | O8: 0 | P8: ='Plan view'!$F33 -> 0 | R8: 0 | S8: 1 | T8: 4 | U8: 7

Sheet M300
H1: Focus Area | J1: Build Security org/skills | S1: All yellow marked columns to be filled out
A2: IT Security Initiative | J2: M300 | K2: #REF! | R2: Please fill in your monthly split of planned KPI target values (accumulated plan). Please leave a comment: In which CW will you report your first progress?
A3: =Overview!A3 -> Progress KPI Reporting 2021 | J3: ='Plan view'!E34 -> # of high qualitative metrics for ROI
J4: =J8 -> 5 | K4: =K8 -> 0 | M4: =M8 -> 0 | N4: =N8 -> 0 | O4: =O8 -> 0 | P4: =P8 -> 0 | R4: =R8 -> 0 | S4: =S8 -> 0 | T4: =T8 -> 0 | U4: =U8 -> 5
J5: Target 31.12.21 | K5: Actuals 24.09.21 | M5: Actuals 17.09.21 | N5: Actuals 10.09.21 | O5: Actuals 03.09.21 | P5: Baseline 01.07.21 | R5: Plan 09/2021 | S5: Plan 10/2021 | T5: Plan 11/2021 | U5: Plan 12/2021 | W5: Comments
A6: .
J8: ='Plan view'!$H34 -> 5 | K8: 0 | M8: 0 | N8: 0 | O8: 0 | P8: ='Plan view'!$F34 -> 0 | R8: 0 | S8: 0 | T8: 0 | U8: 5 | W8: Metrics have been agreed with Measure Sponsor. Data will be collected and reported monthly until 31.12.21.
W9: Metrics have been agreed with Measure Sponsor. Data will be collected and reported monthly until 31.12.21.
W10: Metrics have been agreed with Measure Sponsor. Data will be collected and reported monthly until 31.12.21.
W11: Metrics have been agreed with Measure Sponsor. Data will be collected and reported monthly until 31.12.21.
W12: Metrics have been agreed with Measure Sponsor. Data will be collected and reported monthly until 31.12.21.
W13: Metrics have been agreed with Measure Sponsor. Data will be collected and reported monthly until 31.12.21.
W14: Metrics have been agreed with Measure Sponsor. Data will be collected and reported monthly until 31.12.21.
W15: Metrics have been agreed with Measure Sponsor. Data will be collected and reported monthly until 31.12.21.
W16: Metrics have been agreed with Measure Sponsor. Data will be collected and reported monthly until 31.12.21.
W17: Metrics have been agreed with Measure Sponsor. Data will be collected and reported monthly until 31.12.21.
W18: Metrics have been agreed with Measure Sponsor. Data will be collected and reported monthly until 31.12.21.
W19: Metrics have been agreed with Measure Sponsor. Data will be collected and reported monthly until 31.12.21.
